epoch,boundary_boundary_f1,boundary_loss,center_loss,learning_rate,loss,offset_loss,semantic_foreground_miou,semantic_iou_circle,semantic_iou_circle_full,semantic_iou_rectangle,semantic_iou_rectangle_concave,semantic_loss,semantic_mean_iou,semantic_pixel_accuracy,val_boundary_boundary_f1,val_boundary_loss,val_center_loss,val_loss,val_offset_loss,val_semantic_foreground_miou,val_semantic_iou_circle,val_semantic_iou_circle_full,val_semantic_iou_rectangle,val_semantic_iou_rectangle_concave,val_semantic_loss,val_semantic_mean_iou,val_semantic_pixel_accuracy
0,0.15430502593517303,0.7087894678115845,15.033327102661133,3.7500001781154424e-05,16.27099609375,0.0964447483420372,0.08740347623825073,0.0224051084369421,0.06901845335960388,0.23139765858650208,0.02679263986647129,0.8065752387046814,0.21937772631645203,0.7040067911148071,0.12188203632831573,0.7657704949378967,3.446549892425537,4.625471591949463,0.05975755676627159,0.07090651988983154,0.029766475781798363,0.040231432765722275,0.18371766805648804,0.029910573735833168,0.7829764485359192,0.21281889081001282,0.7212769985198975
1,0.32998713850975037,0.6018251180648804,2.362454891204834,7.500000356230885e-05,3.371999979019165,0.04855106398463249,0.1417107731103897,0.05502672865986824,0.1485561728477478,0.30757126212120056,0.05568907409906387,0.6955427527427673,0.28097638487815857,0.7750685811042786,0.31760042905807495,0.6578799486160278,2.0788652896881104,3.0790164470672607,0.027854906395077705,0.15829850733280182,0.08584361523389816,0.153916597366333,0.23114286363124847,0.16229096055030823,0.6952158808708191,0.2954685688018799,0.7717720866203308
2,0.452905535697937,0.5113653540611267,1.919779658317566,0.00011249999806750566,2.7686362266540527,0.03844555839896202,0.24715104699134827,0.14317721128463745,0.3320826292037964,0.36431705951690674,0.14902755618095398,0.5868571996688843,0.37140899896621704,0.8096834421157837,0.48045414686203003,0.5387024283409119,1.5699896812438965,2.396094799041748,0.018951164558529854,0.25268036127090454,0.24324846267700195,0.3009592592716217,0.2686343491077423,0.197879359126091,0.5821976065635681,0.3758540451526642,0.8071080446243286
3,0.5164353847503662,0.4556560814380646,1.6065270900726318,0.0001500000071246177,2.3071835041046143,0.034092068672180176,0.3698703944683075,0.27222999930381775,0.5073912143707275,0.4471016824245453,0.252758651971817,0.4673483669757843,0.4742772579193115,0.8475452065467834,0.5617696642875671,0.4636974036693573,1.3188368082046509,1.9848939180374146,0.015150529332458973,0.3728080987930298,0.46900591254234314,0.48715123534202576,0.3332793414592743,0.20179606974124908,0.45785459876060486,0.4773257374763489,0.8569915294647217
4,0.5459914207458496,0.42433810234069824,1.4248534440994263,0.0001875000016298145,2.026890516281128,0.031027838587760925,0.4499537944793701,0.3758790194988251,0.5906597375869751,0.5261465907096863,0.3071298897266388,0.3857985734939575,0.5420263409614563,0.8751271367073059,0.5994788408279419,0.4214397966861725,1.157761573791504,1.713624119758606,0.012883919291198254,0.46743282675743103,0.615615725517273,0.5684530138969421,0.4126569628715515,0.2730056941509247,0.36796072125434875,0.5559313297271729,0.8874157071113586
5,0.5682235956192017,0.40149378776550293,1.3018310070037842,0.00022499999613501132,1.8335102796554565,0.02721313014626503,0.5210540294647217,0.5224177241325378,0.6281567811965942,0.5872464776039124,0.34639525413513184,0.3302208483219147,0.6012430191040039,0.8953696489334106,0.6246473789215088,0.38993099331855774,1.0342991352081299,1.523962378501892,0.010434247553348541,0.5219320058822632,0.6693750023841858,0.6128590106964111,0.48403841257095337,0.3214556872844696,0.31804001331329346,0.6013288497924805,0.9032905697822571
6,0.5834206938743591,0.3873007893562317,1.1965323686599731,0.0002624999906402081,1.6726233959197998,0.02349856309592724,0.5827693939208984,0.6242561936378479,0.6612421274185181,0.6348600387573242,0.41071927547454834,0.28567150235176086,0.6522756814956665,0.9102692008018494,0.6452364921569824,0.3680403530597687,0.9628189206123352,1.413088321685791,0.009071742184460163,0.5614116787910461,0.6952210068702698,0.6571696996688843,0.5215581655502319,0.3716977536678314,0.28944653272628784,0.6338759660720825,0.9125580191612244
7,0.5989102721214294,0.3716652989387512,1.097949743270874,0.0003000000142492354,1.5278737545013428,0.020617812871932983,0.6195193529129028,0.6517203450202942,0.6997048854827881,0.678808331489563,0.44784417748451233,0.25046321749687195,0.6831332445144653,0.9211516380310059,0.66096431016922,0.35019832849502563,0.9187701344490051,1.3339142799377441,0.008320449851453304,0.5881602168083191,0.7308740615844727,0.6769224405288696,0.5515287518501282,0.3933154344558716,0.26258331537246704,0.6568486094474792,0.9212489724159241
8,0.6094684600830078,0.3605092763900757,0.9970602989196777,0.0003000000142492354,1.3859792947769165,0.01853419654071331,0.6717826724052429,0.7204385995864868,0.7404797077178955,0.7171599864959717,0.5090526342391968,0.21782706677913666,0.7258306741714478,0.9319296479225159,0.6705117225646973,0.3399856984615326,0.7860321998596191,1.173974633216858,0.00786539539694786,0.6329353451728821,0.7745426297187805,0.6783467531204224,0.5905628800392151,0.4882889986038208,0.24014975130558014,0.6940556764602661,0.9305598735809326
9,0.6212798953056335,0.3483412265777588,0.8803157806396484,0.0002999951830133796,1.2267258167266846,0.0161812175065279,0.7187597155570984,0.7521193623542786,0.7785487771034241,0.7633973360061646,0.580973207950592,0.18272089958190918,0.7645208239555359,0.9421692490577698,0.6788736581802368,0.3324826955795288,0.7425191402435303,1.1210023164749146,0.007464258000254631,0.6524030566215515,0.8056409955024719,0.6877381205558777,0.6100204586982727,0.5062127113342285,0.2342941015958786,0.7100096344947815,0.9346356987953186
10,0.628564715385437,0.3404639661312103,0.7908867597579956,0.0002999806893058121,1.1080882549285889,0.015169153921306133,0.7608011960983276,0.7788659334182739,0.7999447584152222,0.7977391481399536,0.6666544675827026,0.15849334001541138,0.7989840507507324,0.9500707983970642,0.6902187466621399,0.3220686614513397,0.671521008014679,1.0245810747146606,0.006911643780767918,0.6884465217590332,0.8253147006034851,0.7324624061584473,0.6514307856559753,0.5445783734321594,0.21386587619781494,0.7396851181983948,0.9419170618057251
11,0.6359833478927612,0.3319954574108124,0.7456328272819519,0.0002999565622303635,1.043187141418457,0.013702931813895702,0.7885594964027405,0.8031919002532959,0.8081596493721008,0.8164607882499695,0.7264257669448853,0.144517719745636,0.8215859532356262,0.954534113407135,0.6957272291183472,0.31504684686660767,0.6437491178512573,0.9887721538543701,0.006319340784102678,0.6914768815040588,0.8386351466178894,0.7292370796203613,0.6515344977378845,0.5465006828308105,0.2095251828432083,0.7423852682113647,0.9429874420166016
12,0.6426905989646912,0.32556092739105225,0.6871137619018555,0.0002999228017870337,0.9669287204742432,0.01279530394822359,0.807121217250824,0.825262725353241,0.8270865678787231,0.8273903727531433,0.7487451434135437,0.13038209080696106,0.8369539976119995,0.9580621719360352,0.7022029757499695,0.3094484508037567,0.6637826561927795,1.0011694431304932,0.006328444927930832,0.699527382850647,0.8412343859672546,0.7680709362030029,0.6787197589874268,0.5100842118263245,0.20411518216133118,0.7485865950584412,0.9448500871658325
13,0.6482853889465332,0.3198842406272888,0.6472734212875366,0.00029987937887199223,0.9111394286155701,0.011912165209650993,0.8243354558944702,0.8442609310150146,0.834825336933136,0.8410491943359375,0.7772063612937927,0.11823400110006332,0.8509864807128906,0.9608983397483826,0.7056485414505005,0.30678603053092957,0.7110899686813354,1.0470335483551025,0.005778068210929632,0.7131153345108032,0.8524715900421143,0.7616634964942932,0.6862972974777222,0.5520288944244385,0.2045620232820511,0.7604160308837891,0.9484372735023499
14,0.6519341468811035,0.3162400424480438,0.6246119737625122,0.0002998263225890696,0.883032500743866,0.011292560957372189,0.8343348503112793,0.8450497984886169,0.8380939364433289,0.849717915058136,0.8044775724411011,0.11489351093769073,0.859259307384491,0.9627459049224854,0.70982426404953,0.3024125397205353,0.6737018823623657,1.002403736114502,0.005686253309249878,0.7166619300842285,0.8639991879463196,0.7511067986488342,0.691552996635437,0.5599886775016785,0.19920672476291656,0.7632099390029907,0.9486873149871826
15,0.6558493375778198,0.31217092275619507,0.5856899619102478,0.00029976360383443534,0.8331285715103149,0.010927938856184483,0.8453694581985474,0.858817458152771,0.8485978841781616,0.8568721413612366,0.8171904683113098,0.10623575747013092,0.8682147860527039,0.964358925819397,0.712090253829956,0.2987934350967407,0.7003960609436035,1.023301601409912,0.005327045917510986,0.7315331101417542,0.8654080033302307,0.7765154242515564,0.7235804796218872,0.5606284737586975,0.19539807736873627,0.775108814239502,0.9511886835098267
16,0.6581740379333496,0.30881771445274353,0.5659607648849487,0.0002996912517119199,0.8125542998313904,0.010262583382427692,0.8465455770492554,0.864841639995575,0.8463695049285889,0.8535863757133484,0.821384847164154,0.10775953531265259,0.8693647384643555,0.9647353887557983,0.714591383934021,0.2962530553340912,0.6734467148780823,0.9937604069709778,0.005132222548127174,0.7454783916473389,0.8677555322647095,0.7786636352539062,0.7300978302955627,0.6053964495658875,0.19411395490169525,0.786703884601593,0.9534009099006653
17,0.6609156131744385,0.3061181306838989,0.5419026613235474,0.00029960929532535374,0.7824171781539917,0.00986388511955738,0.8375219702720642,0.8282694220542908,0.8511539697647095,0.8640254735946655,0.8066393136978149,0.10324694216251373,0.8620867729187012,0.9643005132675171,0.7178354859352112,0.29353615641593933,0.6622941493988037,0.9827930927276611,0.005283888429403305,0.7623148560523987,0.8690697550773621,0.7834249138832092,0.7490969896316528,0.6476677060127258,0.19515830278396606,0.8004083633422852,0.9556291103363037
18,0.6650534272193909,0.3017951250076294,0.5352617502212524,0.0002995177055709064,0.7679710388183594,0.009501262567937374,0.8543793559074402,0.8615925312042236,0.8566672205924988,0.8697972893714905,0.8294602632522583,0.09769043326377869,0.8758743405342102,0.9667220711708069,0.7188940644264221,0.2929249405860901,0.6293339133262634,0.9413918852806091,0.0052390010096132755,0.7349231243133545,0.8705098032951355,0.7961309552192688,0.721583902835846,0.5514677166938782,0.187029629945755,0.778535008430481,0.9535101652145386
19,0.6672107577323914,0.29940685629844666,0.5119444727897644,0.0002994164824485779,0.7348039150238037,0.008825363591313362,0.8705710172653198,0.8812547326087952,0.8603512048721313,0.8741198778152466,0.8665585517883301,0.08977127820253372,0.889046311378479,0.9687496423721313,0.7214820981025696,0.290929913520813,0.5963619947433472,0.9029831290245056,0.004984861705452204,0.744076132774353,0.8758715987205505,0.8013983368873596,0.7495481967926025,0.5494863390922546,0.18277166783809662,0.7854272723197937,0.9540576934814453
20,0.670826256275177,0.2964335083961487,0.4890698194503784,0.00029930565506219864,0.7091709971427917,0.00866000447422266,0.8674831390380859,0.8818169832229614,0.8627411127090454,0.8736541867256165,0.8517203330993652,0.08844369649887085,0.886703372001648,0.9687308073043823,0.7230305075645447,0.2883184254169464,0.6394641995429993,0.9418815970420837,0.004874514881521463,0.7401622533798218,0.8770602345466614,0.789592981338501,0.7321099042892456,0.5618858933448792,0.17977839708328247,0.7827185392379761,0.9540817737579346
21,0.6728828549385071,0.2930505573749542,0.46790987253189087,0.0002991851943079382,0.680564284324646,0.008293207734823227,0.8729751706123352,0.8800145387649536,0.8673268556594849,0.8803293704986572,0.8642299175262451,0.08297567069530487,0.8912396430969238,0.9698330163955688,0.723193347454071,0.2886642813682556,0.5485529899597168,0.8497182130813599,0.004480249714106321,0.7469932436943054,0.8775050640106201,0.7937712669372559,0.7520713806152344,0.5646251440048218,0.17897894978523254,0.7881360054016113,0.9551060795783997
22,0.6739614009857178,0.29223358631134033,0.46320611238479614,0.00029905515839345753,0.6796818375587463,0.008168614469468594,0.8704468011856079,0.8854068517684937,0.8654659390449524,0.8792868852615356,0.8516278266906738,0.08723665773868561,0.8891702890396118,0.9694957733154297,0.723989725112915,0.28699105978012085,0.6172932386398315,0.918285608291626,0.004390921909362078,0.7377986907958984,0.8836944699287415,0.7743867039680481,0.7396571040153503,0.5534565448760986,0.1796094924211502,0.7807599902153015,0.9537165760993958
23,0.6773509979248047,0.28887197375297546,0.45659732818603516,0.0002989155473187566,0.6631320118904114,0.007691041566431522,0.876733660697937,0.8798865675926208,0.8723052144050598,0.8859091997146606,0.8688337206840515,0.07945960015058517,0.8944669961929321,0.970893144607544,0.7246822118759155,0.2862005829811096,0.6396841406822205,0.9453903436660767,0.004347150679677725,0.7260821461677551,0.8836126923561096,0.7715591192245483,0.725160539150238,0.5239964127540588,0.1847049742937088,0.7714678049087524,0.952652096748352
24,0.6793542504310608,0.28708940744400024,0.44942542910575867,0.0002987663319800049,0.6593257784843445,0.0077917203307151794,0.8737989664077759,0.8753405213356018,0.8714239001274109,0.8832849264144897,0.8651465773582458,0.08328714221715927,0.8920604586601257,0.9704132080078125,0.7272068858146667,0.2834010720252991,0.6185424327850342,0.9308134913444519,0.004391969181597233,0.7223345041275024,0.8804157376289368,0.7891621589660645,0.725452184677124,0.4943080544471741,0.19232289493083954,0.7684919238090515,0.952752411365509
25,0.6820876598358154,0.28417110443115234,0.4326655864715576,0.00029860754148103297,0.6349179148674011,0.00723192049190402,0.8834116458892822,0.8866829872131348,0.8746636509895325,0.8882110714912415,0.8840887546539307,0.07766666263341904,0.8999824523925781,0.971916675567627,0.7276249527931213,0.28328707814216614,0.6199478507041931,0.9244018197059631,0.004295556806027889,0.7373647093772888,0.8829632997512817,0.8124665021896362,0.744178831577301,0.5098502039909363,0.18469569087028503,0.780544638633728,0.9549264311790466
26,0.6820254325866699,0.28393808007240295,0.44141462445259094,0.0002984392049256712,0.6410549879074097,0.007129096891731024,0.888940155506134,0.8996759057044983,0.8712052702903748,0.8882048726081848,0.896674394607544,0.07531429827213287,0.9044986963272095,0.9725018739700317,0.7284798622131348,0.28118282556533813,0.7238113284111023,1.0443048477172852,0.004046187270432711,0.7139925360679626,0.8801977634429932,0.7497459053993225,0.7051495313644409,0.520876944065094,0.20195086300373077,0.7620766162872314,0.9514138102531433
27,0.6853708624839783,0.2807302474975586,0.40475624799728394,0.00029826132231391966,0.6003843545913696,0.006835852283984423,0.8820254802703857,0.8841635584831238,0.8782399296760559,0.8924095034599304,0.8732888698577881,0.073018878698349,0.8990095257759094,0.9722906351089478,0.7297983169555664,0.27938419580459595,0.6416469216346741,0.9388591647148132,0.004106929060071707,0.7415369749069214,0.8854179382324219,0.8079884648323059,0.7426048517227173,0.5301366448402405,0.17929773032665253,0.7842429876327515,0.9559527039527893
28,0.6860699653625488,0.279884934425354,0.4063473045825958,0.0002980738936457783,0.599380373954773,0.006838739849627018,0.8909465074539185,0.8971731066703796,0.8796101212501526,0.8936061263084412,0.8933965563774109,0.07078950107097626,0.9061749577522278,0.9731453061103821,0.7283041477203369,0.28216779232025146,0.632384717464447,0.9152609705924988,0.003891154658049345,0.7562382221221924,0.8859827518463135,0.8211845755577087,0.7756059765815735,0.5421796441078186,0.16417236626148224,0.7962585687637329,0.9585236310958862
29,0.6873631477355957,0.2786799967288971,0.4018412232398987,0.0002978769189212471,0.5971595644950867,0.006656331941485405,0.886184811592102,0.8915265798568726,0.873279869556427,0.8912326097488403,0.8887003660202026,0.07382030785083771,0.9023793339729309,0.9726118445396423,0.7308003306388855,0.27843257784843445,0.6183262467384338,0.8952065110206604,0.003858307609334588,0.7432533502578735,0.8903669118881226,0.8279960751533508,0.7557034492492676,0.4989470839500427,0.15971972048282623,0.7856121063232422,0.9566211700439453
30,0.6884499192237854,0.27780473232269287,0.38876035809516907,0.00029767045634798706,0.5808318853378296,0.006377015262842178,0.8942053914070129,0.9008327126502991,0.8764241933822632,0.8952157497406006,0.9043488502502441,0.07131162285804749,0.9088306427001953,0.9735222458839417,0.7316169738769531,0.27687811851501465,0.5876513123512268,0.8645510673522949,0.0036704707890748978,0.7418526411056519,0.8875464200973511,0.8198707699775696,0.7526883482933044,0.5073049664497375,0.16064263880252838,0.7849317789077759,0.957091212272644
31,0.6907237768173218,0.2750321626663208,0.3810238242149353,0.00029745447682216763,0.5681099891662598,0.00608872389420867,0.8993909358978271,0.9092784523963928,0.8776800036430359,0.8976351022720337,0.9129700064659119,0.0681486427783966,0.913200855255127,0.9744955897331238,0.7331312894821167,0.27446553111076355,0.5389378070831299,0.8080821633338928,0.003592916764318943,0.7603669762611389,0.8896377086639404,0.8243466019630432,0.7622466087341309,0.5652369260787964,0.15396897494792938,0.7999736070632935,0.9594889283180237
32,0.6931894421577454,0.2726512849330902,0.36058318614959717,0.0002972290094476193,0.5447770357131958,0.005951329134404659,0.8965637683868408,0.9001768827438354,0.8838358521461487,0.9006620049476624,0.9015802145004272,0.06613831967115402,0.9109805226325989,0.9745702147483826,0.7345989942550659,0.2743740975856781,0.5505625009536743,0.8283199667930603,0.0036040176637470722,0.748270571231842,0.8882813453674316,0.8297827839851379,0.7550589442253113,0.5199592709541321,0.16260261833667755,0.7899142503738403,0.9577136635780334
33,0.6953237652778625,0.27028295397758484,0.36635783314704895,0.00029699408332817256,0.546389639377594,0.005773256998509169,0.9008218050003052,0.9094794988632202,0.8854150176048279,0.8999624848365784,0.9084298610687256,0.06352092325687408,0.9144129753112793,0.9749830961227417,0.7334346175193787,0.2749107778072357,0.5601266026496887,0.8421393036842346,0.0039818501099944115,0.7725098133087158,0.888063907623291,0.8198173642158508,0.7697257399559021,0.6124322414398193,0.1660752296447754,0.8091086149215698,0.9592810869216919
34,0.6948331594467163,0.27038171887397766,0.3663173019886017,0.00029674969846382737,0.5502644181251526,0.005873938091099262,0.8917005062103271,0.8946889042854309,0.884896457195282,0.8988582491874695,0.8883587121963501,0.0669146180152893,0.9071080088615417,0.9741770625114441,0.7352551221847534,0.2726408839225769,0.5511397123336792,0.8464701175689697,0.0034967840183526278,0.7511612176895142,0.8897813558578491,0.8147285580635071,0.7501411437988281,0.5499937534332275,0.18102863430976868,0.7924306392669678,0.9580862522125244
35,0.6967204213142395,0.26889175176620483,0.3414362072944641,0.00029649585485458374,0.5226031541824341,0.005676437634974718,0.8981789946556091,0.9001434445381165,0.8844527006149292,0.9009903073310852,0.9071294665336609,0.0650387853384018,0.9124084711074829,0.9749672412872314,0.7355325222015381,0.2720071077346802,0.5655792951583862,0.8639957904815674,0.003658207366243005,0.7438610792160034,0.887018620967865,0.8188039660453796,0.750594973564148,0.5190268158912659,0.18412645161151886,0.7862035632133484,0.9566736817359924
36,0.6990084648132324,0.26702913641929626,0.3432053029537201,0.0002962326107081026,0.5213859677314758,0.005622324533760548,0.8994020819664001,0.9047691226005554,0.8871729969978333,0.9035236239433289,0.9021425247192383,0.06287173926830292,0.9134038686752319,0.9752901196479797,0.7354171872138977,0.27112099528312683,0.5856683254241943,0.8802306056022644,0.003644051030278206,0.7699381113052368,0.8897022604942322,0.8190991282463074,0.7543113827705383,0.6166396141052246,0.18064771592617035,0.8075646162033081,0.9598415493965149
37,0.6996283531188965,0.2661764323711395,0.3367452621459961,0.00029595993692055345,0.5150389671325684,0.005493677221238613,0.896289587020874,0.9010177850723267,0.8872314691543579,0.9029190540313721,0.8939898014068604,0.06357397139072418,0.9108954668045044,0.9749610424041748,0.7383893728256226,0.2678459882736206,0.6405627131462097,0.9220530390739441,0.003737224265933037,0.7636604905128479,0.8884274363517761,0.8325480222702026,0.7713246941566467,0.5623417496681213,0.16874530911445618,0.8021089434623718,0.9591451287269592
38,0.7015568017959595,0.26483869552612305,0.3225100636482239,0.00029567789169959724,0.49737218022346497,0.005457632709294558,0.9033688306808472,0.9113127589225769,0.8884704113006592,0.9023573994636536,0.9113346338272095,0.060716692358255386,0.9166563153266907,0.9757193326950073,0.7361475229263306,0.27093422412872314,0.6029380559921265,0.8819763660430908,0.0033795053604990244,0.7594611644744873,0.8916301727294922,0.8140894770622253,0.778978705406189,0.5531463623046875,0.1655956357717514,0.7989674806594849,0.9591012001037598
39,0.702332615852356,0.2638935446739197,0.33664214611053467,0.0002953864459414035,0.515236496925354,0.005490976385772228,0.8960957527160645,0.9010627269744873,0.8858107328414917,0.9022842049598694,0.8952252268791199,0.06476980447769165,0.9108123779296875,0.9750658273696899,0.7373529076576233,0.2702019512653351,0.5843462944030762,0.8575130105018616,0.0035665552131831646,0.7718745470046997,0.8914150595664978,0.8235700130462646,0.7803019285202026,0.592211127281189,0.15973590314388275,0.809259295463562,0.9610047340393066
40,0.7041987180709839,0.26198506355285645,0.31531786918640137,0.0002950856869574636,0.4851795732975006,0.005160604603588581,0.9064939022064209,0.9146144986152649,0.8908790946006775,0.9059253334999084,0.9145566821098328,0.05731257423758507,0.9192255139350891,0.9762755632400513,0.73480224609375,0.2725026607513428,0.5532607436180115,0.8327761292457581,0.0035093962214887142,0.7735852003097534,0.8911306262016296,0.8221960067749023,0.7751847505569458,0.6058293581008911,0.16524995863437653,0.8104599118232727,0.9606947898864746
41,0.7049209475517273,0.26094505190849304,0.32098376750946045,0.00029477555654011667,0.49123990535736084,0.0050772568210959435,0.9069815874099731,0.9108747839927673,0.8875530958175659,0.9073794484138489,0.9221189022064209,0.05818594619631767,0.9197378158569336,0.9765625,0.7351162433624268,0.2714536190032959,0.5797255039215088,0.8712829351425171,0.0034250798635184765,0.7596802115440369,0.8926773071289062,0.8165274858474731,0.7676197290420532,0.5618963837623596,0.17783814668655396,0.799328625202179,0.959402322769165
42,0.7070481777191162,0.259337455034256,0.30476540327072144,0.000294456142000854,0.4753131568431854,0.005042411386966705,0.9052243232727051,0.9127189517021179,0.8908537030220032,0.9057844877243042,0.9115403294563293,0.05935186147689819,0.9182990193367004,0.9763618111610413,0.7370176911354065,0.2697688341140747,0.5969445109367371,0.8761999607086182,0.003236464923247695,0.7679833173751831,0.8918924331665039,0.8237031102180481,0.7738924622535706,0.5824450850486755,0.16649287939071655,0.8058493733406067,0.960030734539032
43,0.7077155709266663,0.2579192519187927,0.30116310715675354,0.0002941274142358452,0.4695837199687958,0.004924029111862183,0.9063298106193542,0.9133983254432678,0.8929071426391602,0.9077503085136414,0.9112637639045715,0.057853929698467255,0.9192735552787781,0.9767434000968933,0.7368436455726624,0.2709028422832489,0.5930014252662659,0.8744642734527588,0.003287465311586857,0.7641763687133789,0.8919034600257874,0.8219135403633118,0.7736439108848572,0.5692445039749146,0.16817046701908112,0.8026660084724426,0.9593924880027771
44,0.7090682983398438,0.2574656903743744,0.3023991286754608,0.00029378943145275116,0.4718209207057953,0.004889887757599354,0.9011121988296509,0.90445876121521,0.8918755650520325,0.9066411256790161,0.9014732837677002,0.05901782587170601,0.9151402711868286,0.976364016532898,0.736735999584198,0.27032649517059326,0.5896012783050537,0.8635424971580505,0.0031364511232823133,0.755509078502655,0.8911377191543579,0.8312814235687256,0.775091290473938,0.5245258808135986,0.1611061692237854,0.7960439920425415,0.9594800472259521
45,0.7103074789047241,0.25584742426872253,0.28438347578048706,0.0002934421645477414,0.4462803304195404,0.004785713739693165,0.9140926003456116,0.9180002808570862,0.8933247327804565,0.9112930297851562,0.9337525367736816,0.052328649908304214,0.9255954027175903,0.9776831269264221,0.7366586327552795,0.27093416452407837,0.5980045199394226,0.8853175044059753,0.0031895677093416452,0.759920597076416,0.8906453251838684,0.8295180797576904,0.7763292789459229,0.5431896448135376,0.17415466904640198,0.7994008660316467,0.9595698118209839
46,0.7105269432067871,0.25530898571014404,0.28984808921813965,0.00029308570083230734,0.45410826802253723,0.004672077484428883,0.9102417230606079,0.9171007871627808,0.8910655975341797,0.9085057973861694,0.924294650554657,0.05506811663508415,0.922458827495575,0.9771521091461182,0.7389944195747375,0.2683369219303131,0.6182228326797485,0.8974475264549255,0.0032992959022521973,0.7803369164466858,0.892867386341095,0.8204792737960815,0.7696605324745178,0.6383403539657593,0.16694046556949615,0.8161464929580688,0.961559534072876
47,0.7134814858436584,0.2536678910255432,0.28115156292915344,0.0002927200112026185,0.44301602244377136,0.004546193405985832,0.9142187237739563,0.9222391247749329,0.8957844972610474,0.9127224087715149,0.9261290431022644,0.05353293567895889,0.925761342048645,0.9779453277587891,0.7396888732910156,0.26904213428497314,0.6737690567970276,0.9648683071136475,0.0032905638217926025,0.7561073303222656,0.8920130729675293,0.8148237466812134,0.7573092579841614,0.5602831244468689,0.17854687571525574,0.7961780428886414,0.9581959843635559
48,0.7147318124771118,0.25108668208122253,0.270757257938385,0.00029234515386633575,0.43130210041999817,0.0044281682930886745,0.9138542413711548,0.9206493496894836,0.8936484456062317,0.9117017388343811,0.9294174313545227,0.053420115262269974,0.9255129098892212,0.9779391288757324,0.739870011806488,0.26910096406936646,0.5922566056251526,0.8877964019775391,0.0031629125587642193,0.7516969442367554,0.8938882350921631,0.8278967142105103,0.7500783801078796,0.5349245071411133,0.18315503001213074,0.7929908037185669,0.9586573243141174
49,0.7140711545944214,0.25224918127059937,0.2851680815219879,0.0002919611579272896,0.44555625319480896,0.004536740481853485,0.9130024909973145,0.9180693626403809,0.8914965987205505,0.9108896851539612,0.9315541982650757,0.05266730859875679,0.9248188138008118,0.9777730703353882,0.7423089742660522,0.2663547098636627,0.6233122944831848,0.906238853931427,0.003126680850982666,0.7540282607078552,0.8927804231643677,0.8264936804771423,0.7584397792816162,0.5383992195129395,0.1716947704553604,0.7946581840515137,0.9585513472557068
50,0.715598464012146,0.2517787516117096,0.27357667684555054,0.0002915679942816496,0.4342212378978729,0.004527246579527855,0.9120156168937683,0.9189046025276184,0.8946409821510315,0.9102081060409546,0.9243086576461792,0.05330740660429001,0.9240110516548157,0.9776528477668762,0.7420049905776978,0.26587799191474915,0.5865824222564697,0.8462552428245544,0.002854669000953436,0.7723034024238586,0.8948785662651062,0.8299899697303772,0.7763325572013855,0.5880125164985657,0.14903974533081055,0.8099797368049622,0.9617987871170044
51,0.7165412306785583,0.2495587170124054,0.2626347839832306,0.0002911657502409071,0.41984498500823975,0.0043363929726183414,0.9153401851654053,0.9192867279052734,0.8963562250137329,0.9148592352867126,0.9308584332466125,0.05082007497549057,0.9267509579658508,0.9782918691635132,0.7405078411102295,0.26700204610824585,0.5668978691101074,0.8388232588768005,0.002821817761287093,0.7695683240890503,0.8933534026145935,0.8332492709159851,0.7762455940246582,0.57542484998703,0.1608923077583313,0.8077641725540161,0.9616889953613281
52,0.7177057266235352,0.24922975897789001,0.2666676342487335,0.0002907543967012316,0.4267127811908722,0.004353139083832502,0.9117436408996582,0.9177703857421875,0.8969002962112427,0.9126439690589905,0.9196597337722778,0.053813934326171875,0.9238523244857788,0.9778803586959839,0.740907609462738,0.26752176880836487,0.6275122165679932,0.9035636782646179,0.0031022140756249428,0.7847737073898315,0.8917800784111023,0.8160657286643982,0.7925102710723877,0.6387385129928589,0.1643894910812378,0.8195862770080566,0.9619942903518677
53,0.7188907861709595,0.24782656133174896,0.26496991515159607,0.00029033402097411454,0.4231760501861572,0.004324288573116064,0.9124064445495605,0.916339635848999,0.8975471258163452,0.9143736362457275,0.9213652610778809,0.052711501717567444,0.9244757890701294,0.9782055020332336,0.7415423393249512,0.2664220631122589,0.660416305065155,0.9371947646141052,0.0032661359291523695,0.7628569006919861,0.8923184275627136,0.8180897235870361,0.7923269867897034,0.5486923456192017,0.165310800075531,0.802137553691864,0.9606316089630127
54,0.7200803160667419,0.2465054839849472,0.2648439407348633,0.00028990459395572543,0.42207127809524536,0.004202092532068491,0.916520357131958,0.9243394136428833,0.8966842293739319,0.9149183630943298,0.9301391839981079,0.05225517973303795,0.9278172254562378,0.9786367416381836,0.7437183856964111,0.26476529240608215,0.6457328200340271,0.9183430075645447,0.003220884595066309,0.778721272945404,0.892822265625,0.8240835666656494,0.7919338941574097,0.6060453653335571,0.16187289357185364,0.8148069381713867,0.9619261622428894
55,0.7206971049308777,0.24601954221725464,0.25184008479118347,0.0002894661738537252,0.40624162554740906,0.0041017537005245686,0.9172958135604858,0.9232718348503113,0.8978675007820129,0.9149647355079651,0.9330791234970093,0.04978496581315994,0.9283751249313354,0.9785998463630676,0.7437300682067871,0.2646128535270691,0.7013019323348999,0.9759674668312073,0.0030848397873342037,0.7750378847122192,0.8950059413909912,0.8316329121589661,0.7902761101722717,0.5832366943359375,0.164192795753479,0.8116294145584106,0.9613429307937622
56,0.7225690484046936,0.2441471964120865,0.25274133682250977,0.0002890187897719443,0.40417054295539856,0.004050220362842083,0.9203696846961975,0.9282324910163879,0.8983099460601807,0.9169837236404419,0.9379526376724243,0.047663506120443344,0.9309711456298828,0.9791807532310486,0.7445082068443298,0.2640617787837982,0.6742308735847473,0.9655600786209106,0.003172853495925665,0.7787244915962219,0.8973686099052429,0.8395305871963501,0.7721826434135437,0.6058162450790405,0.18094579875469208,0.8148369789123535,0.9619696140289307
57,0.7240731120109558,0.2430686503648758,0.2572910189628601,0.00028856247081421316,0.4092096984386444,0.004086607601493597,0.9188781380653381,0.927411675453186,0.8995038270950317,0.9168745279312134,0.9317225813865662,0.048548005521297455,0.9297062158584595,0.9789450764656067,0.7440202236175537,0.2636983394622803,0.6412625908851624,0.9340733885765076,0.003222486237064004,0.7965153455734253,0.8954765796661377,0.835673987865448,0.7639689445495605,0.6909417510032654,0.18249791860580444,0.829498291015625,0.9635701775550842
58,0.7249686121940613,0.24223974347114563,0.23874087631702423,0.0002880972169805318,0.3911750912666321,0.004035705700516701,0.9167184829711914,0.9246225357055664,0.9001249074935913,0.9186413884162903,0.9234853386878967,0.04946289211511612,0.9279780387878418,0.9788656234741211,0.7444744110107422,0.26444849371910095,0.6874397993087769,0.9699513912200928,0.002805927535519004,0.7753841876983643,0.8930487036705017,0.8398069739341736,0.7708736658096313,0.5978074669837952,0.17252328991889954,0.8127058148384094,0.9626864790916443
59,0.7248668074607849,0.2420915961265564,0.25806891918182373,0.00028762308647856116,0.4104485511779785,0.004114062525331974,0.9183388948440552,0.92262864112854,0.8971673250198364,0.9188067317008972,0.9347528219223022,0.049318116158246994,0.9294106364250183,0.9791966080665588,0.7419331669807434,0.2684251070022583,0.6325992345809937,0.9030454158782959,0.002893814817070961,0.7843490839004517,0.892787754535675,0.8325604796409607,0.7861191630363464,0.6259288787841797,0.15873539447784424,0.8199725151062012,0.9636750817298889
60,0.7261954545974731,0.24096527695655823,0.23591965436935425,0.00028714010841213167,0.39022040367126465,0.004025427624583244,0.9160923361778259,0.9235401153564453,0.8992695212364197,0.9178613424301147,0.9236981868743896,0.05183832719922066,0.9275191426277161,0.9788477420806885,0.7425031661987305,0.26720988750457764,0.637292206287384,0.9029893279075623,0.0027455990202724934,0.7928683757781982,0.8917351365089417,0.835659384727478,0.7894038558006287,0.6546751260757446,0.15469437837600708,0.826971173286438,0.9646891355514526
61,0.7283564805984497,0.23857083916664124,0.23095694184303284,0.0002866483118850738,0.3775221109390259,0.003744879737496376,0.9228723049163818,0.9315467476844788,0.9019907712936401,0.9204331040382385,0.9375184178352356,0.045517824590206146,0.9330914616584778,0.9798064231872559,0.743197500705719,0.2667204737663269,0.7437705397605896,1.0210537910461426,0.002751433989033103,0.7929619550704956,0.8932211995124817,0.8330608010292053,0.7819974422454834,0.6635681986808777,0.1664680689573288,0.8268740773200989,0.9641794562339783
62,0.7299914956092834,0.23713809251785278,0.22839345037937164,0.00028614772600121796,0.3766788840293884,0.0038629136979579926,0.9215220212936401,0.9247223138809204,0.9017472863197327,0.9208531975746155,0.9387650489807129,0.04763251915574074,0.9320441484451294,0.9797585606575012,0.744011640548706,0.26599764823913574,0.6994515061378479,0.9705759882926941,0.0031014231499284506,0.80465167760849,0.8944604396820068,0.8340854048728943,0.7988612651824951,0.691199541091919,0.16007326543331146,0.8361020088195801,0.9650084376335144
63,0.730499267578125,0.2367939054965973,0.22337080538272858,0.00028563837986439466,0.3690687119960785,0.0038175848312675953,0.9230257272720337,0.9313464164733887,0.9026819467544556,0.9191175699234009,0.9389570951461792,0.04538283124566078,0.9332561492919922,0.9798524975776672,0.7429769039154053,0.26794949173927307,0.6875999569892883,0.9425577521324158,0.002869455376639962,0.8319977521896362,0.8935481905937195,0.8343846797943115,0.8219905495643616,0.7780675292015076,0.14347350597381592,0.8587810397148132,0.9685313105583191
64,0.7318482995033264,0.2351071983575821,0.21844276785850525,0.00028512030257843435,0.36187925934791565,0.0037062722258269787,0.9243351221084595,0.93405681848526,0.9039014577865601,0.9211133718490601,0.9382686018943787,0.043847501277923584,0.9343622326850891,0.9801644086837769,0.7440961003303528,0.26571324467658997,0.5573992133140564,0.8053922057151794,0.0026329110842198133,0.7971721291542053,0.8950206637382507,0.8354267477989197,0.8496334552764893,0.6086075901985168,0.13775824010372162,0.8304935693740845,0.966497540473938
65,0.7312722206115723,0.23657085001468658,0.22358520328998566,0.0002845935523509979,0.36942097544670105,0.003690844401717186,0.923757791519165,0.9301976561546326,0.901823103427887,0.9209654331207275,0.9420449733734131,0.04564334452152252,0.9338325262069702,0.9799368381500244,0.7435038089752197,0.2668440043926239,0.6065307855606079,0.8592398762702942,0.002441881224513054,0.7828199863433838,0.8944031000137329,0.8327860236167908,0.8245047926902771,0.5795861482620239,0.14230874180793762,0.8192211389541626,0.9653341770172119
66,0.7323634624481201,0.23487181961536407,0.22187192738056183,0.0002840581291820854,0.3674905002117157,0.003723550820723176,0.919990062713623,0.9305079579353333,0.9022706747055054,0.9193477034568787,0.9278337359428406,0.04609827324748039,0.9308708906173706,0.9797137379646301,0.7449713945388794,0.2654447555541992,0.6549221277236938,0.8986892104148865,0.002527469303458929,0.816997766494751,0.8957037925720215,0.8365857601165771,0.8574336171150208,0.6782677173614502,0.1337980031967163,0.8469218015670776,0.9691053032875061
67,0.7335616946220398,0.2342654913663864,0.22175785899162292,0.00028351409127935767,0.3672232925891876,0.0036918192636221647,0.9221279621124268,0.9292285442352295,0.9033873081207275,0.9208284616470337,0.9350675344467163,0.04616335406899452,0.9326346516609192,0.9800519347190857,0.7459707260131836,0.26468324661254883,0.6571526527404785,0.9070286154747009,0.002643643645569682,0.8175346851348877,0.8931369185447693,0.8294485807418823,0.8590052127838135,0.6885480284690857,0.140037402510643,0.8470943570137024,0.9683829545974731
68,0.7344443202018738,0.23265670239925385,0.21535037457942963,0.0002829614677466452,0.35721755027770996,0.003522218205034733,0.9264874458312988,0.9341343641281128,0.9033570885658264,0.9227569103240967,0.9457012414932251,0.04364409297704697,0.9361712336540222,0.9805639982223511,0.7452741265296936,0.26636555790901184,0.5497493147850037,0.789911687374115,0.002553753787651658,0.8371130228042603,0.8947900533676147,0.8422390222549438,0.8489869236946106,0.7624359726905823,0.1297849714756012,0.8629501461982727,0.9698774814605713
69,0.7343448996543884,0.23309220373630524,0.21690981090068817,0.0002824002876877785,0.35903698205947876,0.003479952458292246,0.9256386756896973,0.9328155517578125,0.9026898145675659,0.92275470495224,0.9442946314811707,0.04368821531534195,0.9354528188705444,0.9804133772850037,0.7443175911903381,0.2671928107738495,0.5585874915122986,0.8051847815513611,0.0026377742178738117,0.815399169921875,0.8938039541244507,0.83514404296875,0.8559316396713257,0.6767169833183289,0.135764017701149,0.8452827334403992,0.9681873917579651
70,0.7367450594902039,0.2308613657951355,0.20983928442001343,0.0002818305802065879,0.34966757893562317,0.0034712294582277536,0.9272063970565796,0.9351820945739746,0.9057296514511108,0.9236336350440979,0.9442801475524902,0.04228312149643898,0.9367555379867554,0.9806980490684509,0.7452273368835449,0.2658288776874542,0.6187934279441833,0.8825548887252808,0.00268340902402997,0.8300158381462097,0.8933348059654236,0.8405956625938416,0.8103114366531372,0.7758213877677917,0.15340454876422882,0.8570473790168762,0.9680259823799133
71,0.7389218807220459,0.22893741726875305,0.19565895199775696,0.00028125240351073444,0.33488306403160095,0.003311511594802141,0.9284281730651855,0.9377257823944092,0.9057697653770447,0.924137532711029,0.9460795521736145,0.04265405610203743,0.9378349184989929,0.981039822101593,0.7462171912193298,0.2652345597743988,0.6833510398864746,0.9484947323799133,0.0024807529989629984,0.8092548251152039,0.8967841267585754,0.837472677230835,0.8033283352851868,0.6994342803955078,0.15532906353473663,0.8405226469039917,0.9670599699020386
72,0.7364336848258972,0.23108267784118652,0.20609931647777557,0.0002806657867040485,0.3500368595123291,0.0033938370179384947,0.9245777726173401,0.9342705011367798,0.9025866985321045,0.9214774966239929,0.9399762153625488,0.04643481597304344,0.9346755146980286,0.9804443120956421,0.7475177645683289,0.2647271454334259,0.7117621898651123,0.9831389784812927,0.0027501387521624565,0.8185358047485352,0.8935006260871887,0.8317376971244812,0.7935390472412109,0.7553659081459045,0.16136115789413452,0.847954273223877,0.9669844508171082
73,0.7382649183273315,0.22847528755664825,0.20117750763893127,0.00028007078799419105,0.3394937217235565,0.0033171253744512796,0.9274129867553711,0.9354072213172913,0.9049863815307617,0.9234870672225952,0.9457711577415466,0.04199256747961044,0.9370262026786804,0.9809211492538452,0.7475050091743469,0.26398149132728577,0.7212982773780823,0.9945651888847351,0.002487384947016835,0.8020276427268982,0.8942368626594543,0.8259292840957642,0.7925805449485779,0.6953637599945068,0.16394321620464325,0.8342822790145874,0.9650784134864807
74,0.7397566437721252,0.2279423177242279,0.2002018839120865,0.00027946740738116205,0.3401760160923004,0.0033079800195991993,0.9222503900527954,0.93270343542099,0.9055820107460022,0.9222097992897034,0.9285063743591309,0.04382109269499779,0.9328731298446655,0.9804656505584717,0.7503535747528076,0.2618708312511444,0.6860520243644714,0.9612556099891663,0.0025551142171025276,0.8063826560974121,0.8943593502044678,0.8339748382568359,0.7944064736366272,0.7027900218963623,0.16662225127220154,0.8377858996391296,0.965631902217865
75,0.7401670813560486,0.22750109434127808,0.1962462216615677,0.0002788557030726224,0.3336654603481293,0.0033809710294008255,0.9275287389755249,0.9361350536346436,0.9062513113021851,0.9236361980438232,0.9440920352935791,0.04130376875400543,0.9371095895767212,0.9809380769729614,0.7483343482017517,0.26221606135368347,0.6455589532852173,0.9027532935142517,0.0024783958215266466,0.8204682469367981,0.8955371975898743,0.8297677040100098,0.8285064101219177,0.7280617356300354,0.14859065413475037,0.8496274948120117,0.9682958126068115
76,0.7398949861526489,0.22776277363300323,0.20178012549877167,0.0002782357041724026,0.34333911538124084,0.003299994859844446,0.9245725274085999,0.927696168422699,0.9047586917877197,0.9245274066925049,0.9413073658943176,0.04552888125181198,0.9347526431083679,0.9807591438293457,0.745932936668396,0.26581519842147827,0.7213181257247925,1.0006436109542847,0.002344915410503745,0.7893170118331909,0.8942421078681946,0.8119286298751831,0.793653130531311,0.657444179058075,0.1694822460412979,0.8243252635002136,0.9645291566848755
77,0.7439784407615662,0.2240905463695526,0.19466111063957214,0.00027760746888816357,0.32775551080703735,0.00307975010946393,0.9313795566558838,0.9376554489135742,0.9077889323234558,0.9271424412727356,0.9529311060905457,0.03882112354040146,0.9403396844863892,0.9816839694976807,0.7480579614639282,0.26507362723350525,0.7215825319290161,0.9982100129127502,0.0025594879407435656,0.779053807258606,0.892328143119812,0.8285207152366638,0.8006830811500549,0.5946834683418274,0.16675853729248047,0.8156005144119263,0.9632778167724609
78,0.7420495748519897,0.226220041513443,0.19712188839912415,0.0002769710263237357,0.3389451205730438,0.003360155038535595,0.923506498336792,0.9293658137321472,0.9054284691810608,0.924072265625,0.93515944480896,0.04638185724616051,0.9339369535446167,0.9807304739952087,0.7477260231971741,0.26591384410858154,0.6649987697601318,0.949891209602356,0.002930927323177457,0.808312177658081,0.8923544883728027,0.8275969624519348,0.7860477566719055,0.727249264717102,0.1741306632757187,0.8389991521835327,0.9646713733673096
79,0.7435793876647949,0.22441069781780243,0.19097968935966492,0.0002763264055829495,0.329706609249115,0.0032497220672667027,0.9238108992576599,0.9298010468482971,0.9068920016288757,0.9236471652984619,0.9349033236503601,0.04405863583087921,0.9342238306999207,0.9808248281478882,0.7497069835662842,0.2629263401031494,0.7459238767623901,1.0238288640975952,0.002832521917298436,0.8129161596298218,0.8969026207923889,0.8289614319801331,0.7955086827278137,0.7302920818328857,0.1684853732585907,0.8426107168197632,0.9650421738624573
80,0.7450647950172424,0.22260122001171112,0.18287646770477295,0.0002756736648734659,0.31602737307548523,0.002978385891765356,0.9313989877700806,0.9401161074638367,0.9081912636756897,0.9274230599403381,0.9498656392097473,0.03961014747619629,0.9403694868087769,0.9817325472831726,0.749636173248291,0.26178139448165894,0.7798966765403748,1.0682878494262695,0.002874449361115694,0.7995476722717285,0.8936284184455872,0.8280051350593567,0.7916156649589539,0.6849414110183716,0.1793673187494278,0.831840991973877,0.9640293121337891
81,0.7444738149642944,0.22371548414230347,0.19198688864707947,0.00027501286240294576,0.3270603120326996,0.003161526517942548,0.9301106333732605,0.9376046657562256,0.9076754450798035,0.9259134531021118,0.9492488503456116,0.04083044454455376,0.9392751455307007,0.9814510941505432,0.7478940486907959,0.2638648450374603,0.7893369197845459,1.056843876838684,0.002511361613869667,0.8246879577636719,0.8956708908081055,0.8280964493751526,0.8071643710136414,0.7678202390670776,0.1581934243440628,0.8528087735176086,0.9674486517906189
82,0.7444582581520081,0.22331839799880981,0.19206669926643372,0.0002743439981713891,0.3283734619617462,0.003106548450887203,0.9286994338035583,0.9391151666641235,0.9068912863731384,0.9240153431892395,0.9447762370109558,0.0422910638153553,0.9382044672966003,0.981367290019989,0.7464810013771057,0.2666842043399811,0.7201054692268372,1.0030142068862915,0.0026751384139060974,0.8051851987838745,0.8936208486557007,0.8059978485107422,0.799805223941803,0.7213168740272522,0.172222301363945,0.8365222811698914,0.9644017219543457
83,0.7464321255683899,0.2215721160173416,0.18877926468849182,0.0002736671594902873,0.32411816716194153,0.003055852372199297,0.9278720617294312,0.9398897290229797,0.9073082804679871,0.9245023131370544,0.9397878646850586,0.04235898330807686,0.9375783205032349,0.9814055562019348,0.7493523359298706,0.26305246353149414,0.6729111671447754,0.9447226524353027,0.002519713481888175,0.8192113041877747,0.8957192897796631,0.8182592391967773,0.8061641454696655,0.7567025423049927,0.1628110259771347,0.8483370542526245,0.9668018221855164
84,0.7490364909172058,0.21881847083568573,0.17542341351509094,0.0002729823754634708,0.306234747171402,0.002927673514932394,0.9322341680526733,0.9411870241165161,0.9100658893585205,0.9280811548233032,0.9496025443077087,0.038935743272304535,0.9411429166793823,0.9820662140846252,0.7489993572235107,0.2638331949710846,0.7849040031433105,1.0602632761001587,0.0022321324795484543,0.790721595287323,0.8971535563468933,0.8036242723464966,0.8136937022209167,0.6484148502349854,0.16647779941558838,0.8254410028457642,0.964972198009491
85,0.7478765845298767,0.22030705213546753,0.18858560919761658,0.0002722896751947701,0.3283711373806,0.0030734979081898928,0.920881450176239,0.920595645904541,0.9085502624511719,0.9254102110862732,0.9289699196815491,0.04701979085803032,0.9319475293159485,0.9808295965194702,0.7491306066513062,0.26361092925071716,0.7675105333328247,1.0379170179367065,0.0022577906493097544,0.808768093585968,0.8970097899436951,0.8043083548545837,0.827806293964386,0.7059480547904968,0.16157567501068115,0.8404396176338196,0.9674784541130066
86,0.7504656910896301,0.2176821082830429,0.17254029214382172,0.0002715890877880156,0.30307021737098694,0.002889167284592986,0.93230801820755,0.9420015811920166,0.9100956916809082,0.9277178049087524,0.9494168162345886,0.03911915794014931,0.9412375688552856,0.9821180701255798,0.7490562796592712,0.26419273018836975,0.7490291595458984,1.0171332359313965,0.002263882663100958,0.7886691689491272,0.8947994112968445,0.829965353012085,0.8196133971214294,0.6102985143661499,0.15903118252754211,0.8239589929580688,0.9657875895500183
87,0.7486491799354553,0.21997779607772827,0.18041957914829254,0.0002708807005546987,0.3157869279384613,0.0031686911825090647,0.9251242876052856,0.9265570044517517,0.9087632894515991,0.9272076487541199,0.9379692673683167,0.04258376732468605,0.9353731870651245,0.9812831282615662,0.7471922039985657,0.26820749044418335,0.7674058079719543,1.058783769607544,0.0027593846898525953,0.8036245703697205,0.8955177068710327,0.8215007185935974,0.7996503114700317,0.69782954454422,0.17995522916316986,0.8352419137954712,0.9646984934806824
88,0.7524327039718628,0.2160726934671402,0.17332103848457336,0.00027016454259864986,0.30202600359916687,0.0029085329733788967,0.9340085983276367,0.9433165192604065,0.9112431406974792,0.9297647476196289,0.9517101645469666,0.03796398267149925,0.9426614046096802,0.982474684715271,0.749643862247467,0.26624271273612976,0.7596423625946045,1.044540286064148,0.0027400238905102015,0.8042316436767578,0.8928161263465881,0.8340162038803101,0.8077288866043091,0.6823652982711792,0.17429082095623016,0.8356841802597046,0.9650606513023376
89,0.752557098865509,0.21597999334335327,0.16928772628307343,0.00026944067212753,0.29779964685440063,0.0028997925110161304,0.934360921382904,0.9415121674537659,0.9113426208496094,0.9300036430358887,0.9545857310295105,0.03778453543782234,0.9429178237915039,0.9824452996253967,0.7485173344612122,0.26723265647888184,0.7425895929336548,1.0358185768127441,0.002737879753112793,0.7742727994918823,0.8931305408477783,0.8280686736106873,0.7947985529899597,0.581093430519104,0.18222904205322266,0.811609148979187,0.9625166654586792
90,0.7528566122055054,0.21620410680770874,0.1765148788690567,0.0002687091182451695,0.30697953701019287,0.002885202644392848,0.9319897890090942,0.9402394890785217,0.910248339176178,0.9285566806793213,0.9489145278930664,0.039608344435691833,0.9409509897232056,0.9820612668991089,0.7506375312805176,0.26525893807411194,0.7840142846107483,1.0647504329681396,0.002460419898852706,0.8092515468597412,0.8946805596351624,0.8374084234237671,0.7971619367599487,0.7077552676200867,0.1709423065185547,0.8402836918830872,0.9663830995559692
91,0.7522139549255371,0.21592922508716583,0.1694154292345047,0.00026796991005539894,0.2991093099117279,0.0028608571738004684,0.9325869083404541,0.9420214295387268,0.9087887406349182,0.9278110265731812,0.9517264366149902,0.03900151699781418,0.9414671659469604,0.9821316003799438,0.7510741353034973,0.26383545994758606,0.7664865851402283,1.0423251390457153,0.0025081138592213392,0.8207858800888062,0.89481520652771,0.8275416493415833,0.7981809377670288,0.7626057863235474,0.16654187440872192,0.8497549295425415,0.9671759009361267
92,0.7527127861976624,0.21570536494255066,0.17568226158618927,0.0002672231348697096,0.3044322431087494,0.00284259463660419,0.9334683418273926,0.9415719509124756,0.909389078617096,0.9288620352745056,0.9540503025054932,0.03821227326989174,0.9421807527542114,0.982249915599823,0.749344527721405,0.2647153437137604,0.7798248529434204,1.0669054985046387,0.0029106384608894587,0.8157406449317932,0.8944151401519775,0.8199023008346558,0.7839614152908325,0.7646838426589966,0.17682906985282898,0.845457911491394,0.9658169746398926
93,0.7543990612030029,0.21474432945251465,0.17822420597076416,0.00026646885089576244,0.30821526050567627,0.0029727728106081486,0.9314137697219849,0.9364070892333984,0.9109140634536743,0.9295880198478699,0.9487460255622864,0.03958023339509964,0.9405871629714966,0.9822482466697693,0.7500467300415039,0.26608529686927795,0.7695220112800598,1.0524578094482422,0.002671975176781416,0.8149545192718506,0.8955001831054688,0.8331767320632935,0.7869748473167419,0.7441664338111877,0.1724933534860611,0.8448632955551147,0.9663418531417847
94,0.7561739683151245,0.2122737020254135,0.16119670867919922,0.000265707029029727,0.2875320017337799,0.002726397244259715,0.9344821572303772,0.9429654479026794,0.911929726600647,0.9299245476722717,0.9531091451644897,0.03731418773531914,0.9430861473083496,0.9826096892356873,0.7512428164482117,0.2649801969528198,0.7647418975830078,1.0410512685775757,0.0027481350116431713,0.8188796639442444,0.8942621350288391,0.8346428871154785,0.8210376501083374,0.7255759835243225,0.16619545221328735,0.8477880358695984,0.9669373631477356
95,0.7573285102844238,0.21096910536289215,0.15966244041919708,0.0002649378147907555,0.2860531508922577,0.0027341595850884914,0.934443473815918,0.9442650079727173,0.9124202132225037,0.9301156401634216,0.950972855091095,0.03785567358136177,0.9430824518203735,0.9826776385307312,0.7498359680175781,0.2655075192451477,0.7525252103805542,1.0329687595367432,0.0025012344121932983,0.8067892789840698,0.893195629119873,0.8260371685028076,0.8148791790008545,0.6930450201034546,0.17048822343349457,0.8380508422851562,0.9658336639404297
96,0.7570279836654663,0.21220529079437256,0.16181370615959167,0.00026416117907501757,0.2871570289134979,0.0027054590173065662,0.9358001947402954,0.9431853890419006,0.9122366905212402,0.931908130645752,0.9558706283569336,0.036366403102874756,0.9441604614257812,0.9828123450279236,0.7513644099235535,0.2631296217441559,0.7944292426109314,1.0739130973815918,0.0024462505243718624,0.811061680316925,0.8953437805175781,0.834550142288208,0.8175515532493591,0.6968013048171997,0.17056263983249664,0.8414017558097839,0.9662162065505981
97,0.7591152191162109,0.2097603976726532,0.16090568900108337,0.000263377238297835,0.28544294834136963,0.0026187419425696135,0.935870885848999,0.9450141787528992,0.912948727607727,0.9314646124839783,0.954055905342102,0.03673390671610832,0.9442808032035828,0.982952356338501,0.750531017780304,0.26550954580307007,0.7517284154891968,1.0257151126861572,0.0022427323274314404,0.7815691828727722,0.8947938680648804,0.8293512463569641,0.8120216131210327,0.5901100635528564,0.16441889107227325,0.8178510665893555,0.96421217918396
98,0.7561690807342529,0.21275568008422852,0.17021378874778748,0.0002625859924592078,0.297650009393692,0.002745698904618621,0.9354367852210999,0.9444679617881775,0.9106926918029785,0.9299817681312561,0.9566048979759216,0.03818514198064804,0.9438750147819519,0.9827092289924622,0.7505667805671692,0.2652420401573181,0.76980060338974,1.056432843208313,0.0024001968558877707,0.7684487700462341,0.8920105695724487,0.8181944489479065,0.8139033913612366,0.5496866106987,0.17693482339382172,0.8070564270019531,0.9623685479164124
99,0.7586596012115479,0.2103230059146881,0.15860556066036224,0.00026178749976679683,0.28415510058403015,0.002698366530239582,0.9331351518630981,0.9423357248306274,0.9110921025276184,0.9303065538406372,0.9488064050674438,0.037332240492105484,0.941985011100769,0.9824701547622681,0.7510157823562622,0.26471301913261414,0.8267074227333069,1.1239553689956665,0.002543029375374317,0.7809836268424988,0.8941361308097839,0.8075549602508545,0.8115275502204895,0.6107159852981567,0.18754807114601135,0.8169616460800171,0.9628235101699829
100,0.7610633373260498,0.207391157746315,0.14901922643184662,0.0002609818475320935,0.27118468284606934,0.002535482170060277,0.93672114610672,0.9452824592590332,0.9138650298118591,0.932624876499176,0.9551125764846802,0.03539811074733734,0.9449963569641113,0.9831507802009583,0.7505650520324707,0.2670030891895294,0.7800467610359192,1.0774168968200684,0.002794841304421425,0.7624523639678955,0.8942811489105225,0.8201858997344971,0.7882302403450012,0.5471122860908508,0.1863768845796585,0.8020563125610352,0.9610452055931091
101,0.7597948312759399,0.20893970131874084,0.15881000459194183,0.00026016903575509787,0.2825649678707123,0.00265334895811975,0.9356177449226379,0.9453781247138977,0.9135293364524841,0.9307549595832825,0.9528087377548218,0.03623568266630173,0.9440839886665344,0.9829266667366028,0.7492913007736206,0.2682240605354309,0.7671397924423218,1.056232213973999,0.0024406681768596172,0.7844651937484741,0.893233060836792,0.8287309408187866,0.7868258357048035,0.6290709972381592,0.17814156413078308,0.8202099800109863,0.9638896584510803
102,0.7609027028083801,0.20807653665542603,0.14998964965343475,0.0002593491517473012,0.27403679490089417,0.0026885459665209055,0.9356305003166199,0.9447112083435059,0.9125745296478271,0.931415319442749,0.9538214206695557,0.03680059686303139,0.9440972208976746,0.9829392433166504,0.748880922794342,0.26801007986068726,0.745673418045044,1.0165399312973022,0.0022571312729269266,0.8140827417373657,0.8930594325065613,0.8200132250785828,0.8291354775428772,0.7141229510307312,0.1602768748998642,0.8441444635391235,0.9668900370597839
103,0.763116180896759,0.20572611689567566,0.1398976594209671,0.0002585222537163645,0.26052960753440857,0.0025162214878946543,0.9381064772605896,0.9468478560447693,0.9142457246780396,0.9334039688110352,0.9579283595085144,0.03460603952407837,0.9461532831192017,0.9833806753158569,0.7502436637878418,0.2689533829689026,0.7853876948356628,1.075783133506775,0.0023849233984947205,0.7683738470077515,0.8924340009689331,0.8275627493858337,0.794134259223938,0.559364378452301,0.17923669517040253,0.8068114519119263,0.9617911577224731
104,0.7620874047279358,0.20743533968925476,0.15149423480033875,0.00025768837076611817,0.2795742154121399,0.0026724410708993673,0.9294828176498413,0.9333620667457581,0.9126545786857605,0.9316142797470093,0.9403001666069031,0.041056156158447266,0.939196765422821,0.982518196105957,0.7502681612968445,0.26841068267822266,0.7494509220123291,1.0476131439208984,0.0023059521336108446,0.7526404857635498,0.8917545676231384,0.8282849192619324,0.7646304368972778,0.5258918404579163,0.18734005093574524,0.7943613529205322,0.9602305293083191
105,0.7642896175384521,0.2053292691707611,0.14581620693206787,0.00025684756110422313,0.2678663730621338,0.0026428138371556997,0.9368034601211548,0.9461843967437744,0.915145754814148,0.9323270320892334,0.9535566568374634,0.03598975017666817,0.9451195597648621,0.9832771420478821,0.7510574460029602,0.2678542733192444,0.6834614276885986,0.9567452669143677,0.0022209477610886097,0.7816857099533081,0.8940099477767944,0.8391504883766174,0.8026557564735413,0.5909267067909241,0.16281118988990784,0.8180327415466309,0.9644190669059753
106,0.7640758752822876,0.20569775998592377,0.15108394622802734,0.00025599991204217076,0.2735100984573364,0.0025807488709688187,0.9357987642288208,0.9468675255775452,0.9145911335945129,0.9318068623542786,0.9499293565750122,0.03630207106471062,0.9442974925041199,0.9831434488296509,0.7528584599494934,0.2652584910392761,0.709583580493927,0.9862151741981506,0.002234157407656312,0.7846474647521973,0.8942593932151794,0.8205530047416687,0.7995440363883972,0.6242334246635437,0.1671767234802246,0.8204315900802612,0.9642349481582642
107,0.7625747323036194,0.20656521618366241,0.16258005797863007,0.00025514542357996106,0.28698593378067017,0.0025577840860933065,0.9355827569961548,0.9437785744667053,0.9117556810379028,0.931620180606842,0.9551771283149719,0.03797794133424759,0.9441000819206238,0.9830197095870972,0.7546679377555847,0.26275089383125305,0.7534770965576172,1.0113695859909058,0.0023788718972355127,0.8120746612548828,0.8936879634857178,0.84480881690979,0.8557771444320679,0.6540246605873108,0.14922353625297546,0.8427008390426636,0.9683716297149658
108,0.7673393487930298,0.20223748683929443,0.13651540875434875,0.00025428421213291585,0.2545328140258789,0.002351262141019106,0.939659059047699,0.9491453170776367,0.9163051843643188,0.9341022968292236,0.9590835571289062,0.033690355718135834,0.9474642872810364,0.9836851358413696,0.7542412281036377,0.26358330249786377,0.7768558859825134,1.0443387031555176,0.002398253418505192,0.8003301620483398,0.8917775750160217,0.845579981803894,0.8326214551925659,0.631341814994812,0.15845292806625366,0.8329944610595703,0.9664909243583679
109,0.767713725566864,0.20167657732963562,0.13791388273239136,0.00025341627770103514,0.2555311322212219,0.0023895693011581898,0.9396532773971558,0.9489955306053162,0.9159610867500305,0.9342105984687805,0.959446132183075,0.0333658792078495,0.9475099444389343,0.983790934085846,0.7528932094573975,0.2672698199748993,0.7879767417907715,1.0808271169662476,0.002394150709733367,0.7676560878753662,0.8917861580848694,0.8481215238571167,0.7857781648635864,0.5449384450912476,0.1823514997959137,0.8064018487930298,0.9622924327850342
110,0.766109824180603,0.2034970074892044,0.147495836019516,0.0002525417075958103,0.26808902621269226,0.0024974823463708162,0.937532901763916,0.9460399150848389,0.9155364036560059,0.9336336255073547,0.9549216628074646,0.035438310354948044,0.945736289024353,0.9834631681442261,0.749230682849884,0.2711528539657593,0.6868260502815247,0.963239312171936,0.0023903425317257643,0.8130919337272644,0.8947626352310181,0.8435391783714294,0.8051142692565918,0.7089517116546631,0.16436617076396942,0.8432844281196594,0.9667679071426392
111,0.7680397033691406,0.20188328623771667,0.14655080437660217,0.00025166053092107177,0.26563864946365356,0.002436684910207987,0.938635528087616,0.9458824992179871,0.9163916110992432,0.9342273473739624,0.9580403566360474,0.03468581289052963,0.946642279624939,0.9836125373840332,0.7499024271965027,0.27038106322288513,0.637092113494873,0.9000688195228577,0.0023753782734274864,0.8110191822052002,0.8946690559387207,0.8496503233909607,0.8288840055465698,0.6708731651306152,0.15126068890094757,0.841718316078186,0.9675315022468567
112,0.7695068120956421,0.2005382627248764,0.14030945301055908,0.00025077283498831093,0.25827938318252563,0.002421845681965351,0.9387245774269104,0.9490566849708557,0.9167658090591431,0.9342695474624634,0.9548063278198242,0.034095898270606995,0.9467482566833496,0.9837174415588379,0.7476056814193726,0.27517473697662354,0.7285381555557251,1.007968544960022,0.002398447133600712,0.787899911403656,0.8934695720672607,0.8296301960945129,0.8166170716285706,0.6118826866149902,0.1657627373933792,0.8227298855781555,0.9643946290016174
113,0.7679091095924377,0.20148059725761414,0.14243188500404358,0.0002498786780051887,0.26135122776031494,0.0023670850787311792,0.9355474710464478,0.9418173432350159,0.9162425398826599,0.9344114661216736,0.9497185945510864,0.03477732837200165,0.9441920518875122,0.9834387302398682,0.7496626377105713,0.270621657371521,0.7704018950462341,1.0518479347229004,0.0021623431239277124,0.802734911441803,0.8908329010009766,0.8376491069793701,0.8098687529563904,0.6725889444351196,0.169953852891922,0.8353500366210938,0.9668010473251343
114,0.7700932621955872,0.19955889880657196,0.13808609545230865,0.00024897808907553554,0.25516796112060547,0.0024435874074697495,0.939632773399353,0.9480472803115845,0.9175405502319336,0.9350200295448303,0.9579232931137085,0.03355389088392258,0.9475160837173462,0.9838891625404358,0.7526000738143921,0.27010276913642883,0.7751746773719788,1.0420302152633667,0.002342982217669487,0.819153368473053,0.8865139484405518,0.8473324775695801,0.8535574674606323,0.689209520816803,0.15529987215995789,0.8483436703681946,0.9685587882995605
115,0.7699618935585022,0.19958160817623138,0.14442437887191772,0.0002480711555108428,0.26129692792892456,0.0023228046484291553,0.9396917819976807,0.9490780830383301,0.9169088006019592,0.935475766658783,0.9573044776916504,0.03353308141231537,0.9475420713424683,0.9838636517524719,0.7539771795272827,0.26738688349723816,0.7107179164886475,0.9735197424888611,0.0022144990507513285,0.8279252052307129,0.890419065952301,0.8458393812179565,0.831112802028656,0.7443293929100037,0.1525251269340515,0.8558205366134644,0.9694413542747498
116,0.7710780501365662,0.19845899939537048,0.13335952162742615,0.00024715790641494095,0.24956926703453064,0.002312609925866127,0.9395685195922852,0.9508392810821533,0.917243242263794,0.9341803789138794,0.9560113549232483,0.03332944214344025,0.9474941492080688,0.9839193224906921,0.753633975982666,0.268271803855896,0.7871743440628052,1.06318199634552,0.0023387717083096504,0.810941219329834,0.8897055983543396,0.8452510833740234,0.8124706149101257,0.6963374614715576,0.16519148647785187,0.842048168182373,0.9677401781082153
117,0.7711348533630371,0.1986420452594757,0.13765361905097961,0.00024623842909932137,0.2541719973087311,0.002324797445908189,0.9396096467971802,0.9484196305274963,0.9171398878097534,0.9348846673965454,0.9579945802688599,0.03353434056043625,0.9474854469299316,0.9838516712188721,0.7525550723075867,0.2702539563179016,0.6701762080192566,0.9302337169647217,0.001997296931222081,0.8269938230514526,0.8943383097648621,0.8481240272521973,0.8431904911994934,0.7223224639892578,0.14896030724048615,0.8548110723495483,0.9693397283554077
118,0.7728391289710999,0.19652272760868073,0.12945285439491272,0.00024531278177164495,0.244071364402771,0.002225592266768217,0.9413222670555115,0.9503506422042847,0.9179118275642395,0.9359862208366394,0.9610403180122375,0.032640788704156876,0.9489118456840515,0.9841493368148804,0.7536613345146179,0.26795077323913574,0.6617231965065002,0.9258331060409546,0.0023250088561326265,0.8327178955078125,0.894368588924408,0.8554551601409912,0.833113431930542,0.7479341626167297,0.15344224870204926,0.8593509793281555,0.9694632291793823
119,0.7697774767875671,0.2000904083251953,0.14412838220596313,0.00024438099353574216,0.26405957341194153,0.0023913357872515917,0.9385347962379456,0.9467335939407349,0.915830135345459,0.9340778589248657,0.9574976563453674,0.03631621599197388,0.9466058015823364,0.9836786985397339,0.752271294593811,0.26873284578323364,0.6525653004646301,0.9235134124755859,0.002327259397134185,0.8188086748123169,0.8968126177787781,0.8419274091720581,0.8167459964752197,0.7197487950325012,0.15996398031711578,0.8482027053833008,0.968083918094635
120,0.7732200026512146,0.1965736597776413,0.12934620678424835,0.00024344315170310438,0.2439618855714798,0.0022298654075711966,0.941688060760498,0.9494996070861816,0.9184426069259644,0.936385452747345,0.9624245166778564,0.03261210769414902,0.9492453336715698,0.9842766523361206,0.7516356110572815,0.27179399132728577,0.6519913673400879,0.9350570440292358,0.002299840794876218,0.8120086193084717,0.8967470526695251,0.8404498100280762,0.798852801322937,0.7119849324226379,0.1708984524011612,0.8424791097640991,0.9666628837585449
121,0.7739607095718384,0.19638530910015106,0.1316976249217987,0.0002424993144813925,0.24737679958343506,0.0022139803040772676,0.9412075877189636,0.9509720802307129,0.9184110760688782,0.9356821179389954,0.9597650170326233,0.03388768434524536,0.9488557577133179,0.9842028617858887,0.7519779205322266,0.27042996883392334,0.7306479215621948,1.0081064701080322,0.001993452198803425,0.788658618927002,0.8967040181159973,0.8433710336685181,0.8018364906311035,0.6127229928970337,0.16629618406295776,0.8243609666824341,0.9665890336036682
122,0.7723473310470581,0.19727841019630432,0.13271160423755646,0.00024154954007826746,0.24992182850837708,0.002301412168890238,0.936528742313385,0.9452928900718689,0.917510449886322,0.9341345429420471,0.9491770267486572,0.03484366461634636,0.9450339078903198,0.9836136698722839,0.7525562047958374,0.2695409953594208,0.7509880661964417,1.046377420425415,0.0023330345284193754,0.7741298675537109,0.8946807980537415,0.8461552262306213,0.780304491519928,0.5753787159919739,0.18407385051250458,0.8122812509536743,0.9641740322113037
123,0.7752771377563477,0.19512683153152466,0.12828277051448822,0.00024059387214947492,0.24213047325611115,0.0022394901607185602,0.9415513873100281,0.9498912692070007,0.9188184142112732,0.9364967346191406,0.9609992504119873,0.032418325543403625,0.9491448402404785,0.9842928647994995,0.7523502111434937,0.27054929733276367,0.6399676203727722,0.9486526250839233,0.002551926765590906,0.7799922227859497,0.8938637375831604,0.8503496050834656,0.7914705872535706,0.5842848420143127,0.19663749635219574,0.8164828419685364,0.963882327079773
124,0.7752867341041565,0.19459804892539978,0.1284756362438202,0.00023963239800650626,0.24248148500919342,0.002277654828503728,0.9419299364089966,0.9514695405960083,0.9186920523643494,0.9362415671348572,0.9613162279129028,0.03274541348218918,0.9494525790214539,0.9843239188194275,0.7529699802398682,0.27046987414360046,0.6438965797424316,0.9423257112503052,0.0026271736714988947,0.7801312208175659,0.8940377235412598,0.8547437787055969,0.7991484999656677,0.5725950002670288,0.18630045652389526,0.8161839246749878,0.9632685780525208
125,0.7754334211349487,0.1945355236530304,0.13650690019130707,0.0002386651758570224,0.2501007318496704,0.002195061417296529,0.9413407444953918,0.9497189521789551,0.9184699058532715,0.9364350438117981,0.9607388973236084,0.03260742872953415,0.9489695429801941,0.9842546582221985,0.754889726638794,0.2661426067352295,0.7637473940849304,1.0541001558303833,0.0025355424731969833,0.7771471738815308,0.8924615979194641,0.8525782823562622,0.8151014447212219,0.5484473705291748,0.18009264767169952,0.813947856426239,0.9635180830955505
126,0.7761422991752625,0.1939493864774704,0.12245505303144455,0.00023769226390868425,0.23618265986442566,0.0021146549843251705,0.9416719675064087,0.9499911069869995,0.9190486669540405,0.9369009733200073,0.960747241973877,0.03296227380633354,0.9492947459220886,0.9844325184822083,0.7548179030418396,0.26691585779190063,0.7060316801071167,0.9898728728294373,0.0025115818716585636,0.8259695768356323,0.8928483128547668,0.8504179120063782,0.8114858865737915,0.7491259574890137,0.17330782115459442,0.853805422782898,0.9681296348571777
127,0.7767658829689026,0.19366487860679626,0.12657040357589722,0.0002367137058172375,0.23930740356445312,0.002156543079763651,0.9415299296379089,0.9511374235153198,0.9185759425163269,0.9374748468399048,0.9589318037033081,0.03203011304140091,0.9491702914237976,0.984418511390686,0.756405234336853,0.2644493281841278,0.6216373443603516,0.8975058197975159,0.0022631266620010138,0.8100245594978333,0.8953047394752502,0.8522974848747253,0.8088762760162354,0.6836196780204773,0.16669446229934692,0.8409597277641296,0.9671847820281982
128,0.7781145572662354,0.19221076369285583,0.12352921813726425,0.0002357295888941735,0.2351856827735901,0.0020749710965901613,0.9429547190666199,0.9527536630630493,0.9202881455421448,0.9375274777412415,0.9612497687339783,0.03163456544280052,0.9503397941589355,0.9846057891845703,0.7559613585472107,0.26639440655708313,0.6225845217704773,0.8943368196487427,0.0022600002121180296,0.8052815198898315,0.8953976035118103,0.8552274703979492,0.8237500786781311,0.6467509269714355,0.1618041843175888,0.8370729684829712,0.9671260714530945
129,0.7787938714027405,0.1909562349319458,0.12713752686977386,0.0002347399713471532,0.2383480668067932,0.002096518175676465,0.9433718323707581,0.9534091353416443,0.92018061876297,0.9377018213272095,0.9621959924697876,0.031658560037612915,0.950715184211731,0.9847164154052734,0.7536170482635498,0.26903825998306274,0.6303328275680542,0.9099549055099487,0.0025274159852415323,0.8050686717033386,0.8954024314880371,0.8477317690849304,0.812849223613739,0.6642914414405823,0.16821566224098206,0.8367794752120972,0.966478705406189
130,0.7783073782920837,0.19209891557693481,0.12888062000274658,0.0002337449259357527,0.24149344861507416,0.00207203789614141,0.9423202872276306,0.9527087211608887,0.9178126454353333,0.9364985227584839,0.9622613787651062,0.03263683617115021,0.9498332142829895,0.9844852089881897,0.7544537782669067,0.2693605124950409,0.6906962990760803,0.9835711121559143,0.0026610996574163437,0.7712999582290649,0.8943635821342468,0.8474280834197998,0.8006880283355713,0.5427200794219971,0.18113943934440613,0.8093303442001343,0.9628868103027344
131,0.7799059152603149,0.190512552857399,0.12480062246322632,0.0002327444963157177,0.2353091537952423,0.002115224488079548,0.9431573152542114,0.9532840251922607,0.9204343557357788,0.9376041889190674,0.9613066911697388,0.031204601749777794,0.9505435824394226,0.9847192168235779,0.755159854888916,0.266986221075058,0.6615215539932251,0.9406940937042236,0.0021953685209155083,0.7940452098846436,0.8941935896873474,0.8515417575836182,0.8146716356277466,0.6157737970352173,0.16908495128154755,0.8283570408821106,0.9666517972946167
132,0.7798377275466919,0.1902521550655365,0.11536651849746704,0.00023173875524662435,0.22773776948451996,0.0021022495348006487,0.9392094016075134,0.9532061219215393,0.9205755591392517,0.9353484511375427,0.9477075338363647,0.03313716873526573,0.947381317615509,0.9843291640281677,0.7566636800765991,0.265499085187912,0.655086100101471,0.9547426700592041,0.0021214436274021864,0.7689293622970581,0.8955526947975159,0.8528358340263367,0.7906667590141296,0.5366621017456055,0.19027483463287354,0.8082696199417114,0.9643117189407349
133,0.7799451351165771,0.1907813996076584,0.11899837106466293,0.0002307277754880488,0.2296760082244873,0.0021229919511824846,0.9433822631835938,0.953336238861084,0.9210594296455383,0.9383962750434875,0.9607368111610413,0.031178932636976242,0.9507191777229309,0.9847488403320312,0.7569718360900879,0.2676413655281067,0.7437492609024048,1.0473600625991821,0.002799105131998658,0.8176597952842712,0.8935002088546753,0.8525214195251465,0.7937238812446594,0.7308934330940247,0.19235533475875854,0.8467527627944946,0.9665108323097229
134,0.780022382736206,0.19024261832237244,0.11758643388748169,0.00022971161524765193,0.23159575462341309,0.002216740045696497,0.9400357007980347,0.9475541710853577,0.9198027849197388,0.9372496604919434,0.9555363059043884,0.034575436264276505,0.94804847240448,0.9844423532485962,0.7559773325920105,0.26876533031463623,0.7481326460838318,1.03532075881958,0.0024560922756791115,0.8078927993774414,0.8958926796913147,0.8481155037879944,0.798906683921814,0.688656210899353,0.17599783837795258,0.8391444087028503,0.9665300846099854
135,0.7829645872116089,0.1871732622385025,0.11327819526195526,0.0002286903327330947,0.2213279902935028,0.0020182596053928137,0.9452705383300781,0.9540372490882874,0.9221495985984802,0.9393612146377563,0.9655342102050781,0.030200069770216942,0.9523347616195679,0.9851499795913696,0.7560411691665649,0.26887279748916626,0.6941004395484924,0.9718470573425293,0.002376638352870941,0.8258815407752991,0.8967084288597107,0.8477052450180054,0.8118219375610352,0.7472905516624451,0.16663245856761932,0.8535562753677368,0.9678043723106384
136,0.781054675579071,0.18921658396720886,0.11707790195941925,0.00022766401525586843,0.22751003503799438,0.002009339863434434,0.9432894587516785,0.9523622393608093,0.9178906679153442,0.9377958178520203,0.96510910987854,0.03171766921877861,0.9506874084472656,0.9847646951675415,0.7531534433364868,0.2723850905895233,0.6852309107780457,0.9736847281455994,0.002526254393160343,0.8323625326156616,0.8922837972640991,0.8515474796295166,0.8073201179504395,0.778298556804657,0.1757107824087143,0.8585842251777649,0.9676353335380554
137,0.7816678285598755,0.18868738412857056,0.12208691984415054,0.00022663270647171885,0.23362822830677032,0.0020926890429109335,0.9403512477874756,0.9510521292686462,0.9205609560012817,0.9361823201179504,0.9536093473434448,0.032923899590969086,0.9483109712600708,0.9844710230827332,0.756371796131134,0.26829540729522705,0.6950744986534119,0.9740936756134033,0.0022823091130703688,0.830336332321167,0.8932051062583923,0.8493039608001709,0.8085461258888245,0.7702900767326355,0.1682778298854828,0.8574277758598328,0.9684922695159912
138,0.7848511934280396,0.18543118238449097,0.10867105424404144,0.0002255964936921373,0.2178136557340622,0.0020374602172523737,0.940072774887085,0.9450494050979614,0.9221779704093933,0.9395915269851685,0.9534720182418823,0.031893737614154816,0.9481951594352722,0.9848120212554932,0.7547701597213745,0.271416574716568,0.7028536200523376,0.9974548816680908,0.00237332028336823,0.7889448404312134,0.8927185535430908,0.8493996858596802,0.7922326922416687,0.6214282512664795,0.18247449398040771,0.8239162564277649,0.9650570750236511
139,0.7854772806167603,0.18493963778018951,0.10704155266284943,0.00022455542057286948,0.21458594501018524,0.001972703728824854,0.945095956325531,0.9536616802215576,0.9223445653915405,0.9393976330757141,0.9649800658226013,0.030575815588235855,0.9522121548652649,0.9851832985877991,0.7554143071174622,0.270245760679245,0.74808269739151,1.0262854099273682,0.002302904147654772,0.8041518926620483,0.89456707239151,0.8484121561050415,0.8218540549278259,0.6517741680145264,0.16665028035640717,0.8361040353775024,0.9667094349861145
140,0.7841184735298157,0.18667984008789062,0.11309323459863663,0.00022350957442540675,0.22044745087623596,0.001965164439752698,0.9447152614593506,0.9523774981498718,0.9217716455459595,0.9396262168884277,0.9650851488113403,0.02972099371254444,0.9518915414810181,0.9851255416870117,0.7566041350364685,0.26870760321617126,0.681297242641449,0.9611518979072571,0.0022185295820236206,0.8136653304100037,0.8968105912208557,0.8540793061256409,0.8063597083091736,0.6974115371704102,0.1690436750650406,0.8436352014541626,0.9669134616851807
141,0.7848144173622131,0.1860087513923645,0.11155158281326294,0.00022245901345741004,0.21910138428211212,0.001957961358129978,0.9449317455291748,0.9538123607635498,0.9218623638153076,0.9394380450248718,0.9646141529083252,0.03021257556974888,0.9520557522773743,0.9851111173629761,0.7546855807304382,0.27084505558013916,0.6633899807929993,0.9492394328117371,0.0022091728169471025,0.7936421632766724,0.8928790092468262,0.8495312929153442,0.8001724481582642,0.6319857239723206,0.17419737577438354,0.8278558850288391,0.9659097194671631
142,0.7857216000556946,0.18503567576408386,0.10871122032403946,0.00022140379587654024,0.21578772366046906,0.0019345612963661551,0.9449180364608765,0.9527273178100586,0.922096312046051,0.9399601221084595,0.964888334274292,0.030125826597213745,0.9520742297172546,0.9852023720741272,0.7552910447120667,0.2699393033981323,0.6934601664543152,0.9994927644729614,0.00201610941439867,0.7565901875495911,0.8953883051872253,0.8435938954353333,0.7700839638710022,0.517294704914093,0.19503241777420044,0.798387885093689,0.9627567529678345
143,0.7864676117897034,0.18440480530261993,0.10457014292478561,0.00022034402354620397,0.21056699752807617,0.0018824189901351929,0.9458783268928528,0.9542656540870667,0.9220917820930481,0.9405815005302429,0.9665741920471191,0.029433423653244972,0.9528800249099731,0.9853707551956177,0.7557227611541748,0.2702258825302124,0.6660903692245483,0.9618762135505676,0.0022772375959903,0.7744590044021606,0.8958869576454163,0.8510828614234924,0.7913600206375122,0.5595061779022217,0.18427962064743042,0.8117483854293823,0.9628756046295166
144,0.7861248254776001,0.1842735856771469,0.10938308387994766,0.00021927972557023168,0.21546931564807892,0.0019156369380652905,0.945486307144165,0.9554095268249512,0.9217942357063293,0.9398624300956726,0.9648792147636414,0.02953159622848034,0.9525453448295593,0.985268771648407,0.7546299695968628,0.2700164020061493,0.5981925129890442,0.8930929899215698,0.002091197296977043,0.7778005003929138,0.8965041041374207,0.8519184589385986,0.7792963981628418,0.5834829807281494,0.18375711143016815,0.8151592016220093,0.9644810557365417
145,0.7884756922721863,0.18222694098949432,0.10664919018745422,0.00021821098926011473,0.21193303167819977,0.0018503759056329727,0.9455015659332275,0.9553929567337036,0.9225931763648987,0.9413204789161682,0.9626994729042053,0.0296365674585104,0.9525697827339172,0.9853594303131104,0.7556991577148438,0.270172655582428,0.6706008911132812,0.9601196646690369,0.002059005433693528,0.7899627089500427,0.8936447501182556,0.8534317016601562,0.7912731766700745,0.621501088142395,0.17836134135723114,0.825251579284668,0.9662724137306213
146,0.7874253392219543,0.1836218386888504,0.10980937629938126,0.00021713788737542927,0.2187482863664627,0.0018929680809378624,0.9422506093978882,0.9474994540214539,0.9220545887947083,0.9403104782104492,0.9591380953788757,0.032641083002090454,0.9499929547309875,0.9851177930831909,0.7547785639762878,0.2725061774253845,0.643646240234375,0.9464169144630432,0.002148047788068652,0.7906017303466797,0.893616795539856,0.8510565757751465,0.7779625058174133,0.6397709250450134,0.19054658710956573,0.8255365490913391,0.9655507206916809
147,0.7876315116882324,0.18297237157821655,0.10970331728458405,0.00021606047812383622,0.215749129652977,0.001953162718564272,0.9450637102127075,0.9530742168426514,0.923326313495636,0.9402015805244446,0.9636529684066772,0.029914719983935356,0.9522470235824585,0.9853451251983643,0.7569006681442261,0.2679148316383362,0.6540567874908447,0.9382872581481934,0.0020727943629026413,0.7855469584465027,0.8935726881027222,0.8580105304718018,0.8014740943908691,0.5891305804252625,0.17395518720149994,0.8220022320747375,0.9668263792991638
148,0.7885035276412964,0.18259012699127197,0.11173765361309052,0.0002149788342649117,0.21930885314941406,0.0020957111846655607,0.9430290460586548,0.9516289830207825,0.9236356019973755,0.9395920634269714,0.9572595357894897,0.03137689456343651,0.9505643844604492,0.9850737452507019,0.7568401098251343,0.2693394720554352,0.6141841411590576,0.8814810514450073,0.0020666373893618584,0.8192970752716064,0.8940313458442688,0.8572680950164795,0.8310257196426392,0.6948630213737488,0.15646053850650787,0.8488677740097046,0.9693119525909424
149,0.7891942858695984,0.1821880340576172,0.11172731220722198,0.0002138930285582319,0.2170899361371994,0.0019202505936846137,0.9462124705314636,0.9537891149520874,0.9241920709609985,0.9410554766654968,0.9658131003379822,0.029595637694001198,0.9531804919242859,0.9855016469955444,0.7552667260169983,0.27115797996520996,0.6240271329879761,0.8976425528526306,0.0019079757621511817,0.8074536323547363,0.8930758237838745,0.8564313650131226,0.8283511400222778,0.6519562602043152,0.16228997707366943,0.8394674062728882,0.9686854481697083
150,0.7900318503379822,0.1809462159872055,0.10678165405988693,0.00021280314831528813,0.2113901972770691,0.0018536708084866405,0.9458047747612,0.9552836418151855,0.9240244030952454,0.9413323998451233,0.962578296661377,0.02952693961560726,0.9528318643569946,0.9854384660720825,0.7553207874298096,0.27163252234458923,0.6799681186676025,0.940614640712738,0.0017021256498992443,0.8218813538551331,0.8941146731376648,0.8542659282684326,0.8606190085411072,0.6785258054733276,0.14944034814834595,0.8511897921562195,0.9706056118011475
151,0.7915170192718506,0.18011192977428436,0.10203161090612411,0.00021170922263991088,0.2056494951248169,0.0018783254781737924,0.9473125338554382,0.9564506411552429,0.9244921207427979,0.9417163729667664,0.9665907025337219,0.028752049431204796,0.9541134834289551,0.9857166409492493,0.7539604306221008,0.27421456575393677,0.7322260737419128,1.0081983804702759,0.001917420420795679,0.8171443939208984,0.8929682374000549,0.8555468320846558,0.827084481716156,0.6929780840873718,0.16340960562229156,0.8468872904777527,0.9685180187225342
152,0.7897210717201233,0.18175475299358368,0.10991225391626358,0.00021061135339550674,0.21702677011489868,0.0020234223920851946,0.9410721063613892,0.9427579641342163,0.9230933785438538,0.9399922490119934,0.958445131778717,0.03136175125837326,0.9490002393722534,0.9849069118499756,0.7545002698898315,0.27399638295173645,0.7428180575370789,1.01973295211792,0.0020124365109950304,0.810031533241272,0.8919269442558289,0.8569389581680298,0.8209887742996216,0.6702714562416077,0.16429775953292847,0.8413692712783813,0.9683281779289246
153,0.7904600501060486,0.18120665848255157,0.10305529087781906,0.00020950961334165186,0.2074441760778427,0.0018108724616467953,0.9469314217567444,0.9557814598083496,0.9231889247894287,0.941466748714447,0.9672880172729492,0.029152700677514076,0.9537919759750366,0.9856283068656921,0.7537636756896973,0.2748081684112549,0.7083917260169983,0.9875887632369995,0.0019788644276559353,0.8117047548294067,0.8933017253875732,0.8546831607818604,0.8172751069068909,0.6815590262413025,0.1663053184747696,0.8425931930541992,0.9680956602096558
154,0.7909348607063293,0.18059708178043365,0.10493943840265274,0.00020840404613409191,0.20924551784992218,0.0018660207279026508,0.9472149610519409,0.9556687474250793,0.9237890243530273,0.9410914182662964,0.9683106541633606,0.029252992942929268,0.9540190696716309,0.9856438040733337,0.7561893463134766,0.27246060967445374,0.7583342790603638,1.04007089138031,0.0020257511641830206,0.7973406910896301,0.8915101289749146,0.8568874001502991,0.813008725643158,0.6279565095901489,0.16971369087696075,0.8311203718185425,0.9671707153320312
155,0.7929784655570984,0.17846664786338806,0.1006375253200531,0.0002072947536362335,0.20265188813209534,0.001803069724701345,0.9480559229850769,0.957446277141571,0.9248064160346985,0.9426525831222534,0.9673187732696533,0.02802346460521221,0.9547452926635742,0.9858842492103577,0.756255567073822,0.27280566096305847,0.6321715712547302,0.9026827216148376,0.002100643003359437,0.8311901092529297,0.894331157207489,0.8615155816078186,0.8288419842720032,0.7400715947151184,0.15823768079280853,0.8579798936843872,0.9691414833068848
156,0.7942942380905151,0.17696218192577362,0.09765168279409409,0.00020618179405573756,0.19938316941261292,0.0018081717425957322,0.9481440782546997,0.9585444331169128,0.9253629446029663,0.942609429359436,0.9660596251487732,0.028206005692481995,0.9548344612121582,0.9859407544136047,0.7557743787765503,0.2745928168296814,0.6721504330635071,0.9502645134925842,0.001988794421777129,0.8203462362289429,0.8935332894325256,0.857160747051239,0.8235253691673279,0.7071655988693237,0.16529378294944763,0.8494632840156555,0.9687002897262573
157,0.7921290993690491,0.17921362817287445,0.09691926836967468,0.0002050652401521802,0.20162121951580048,0.0018483035964891315,0.9455937147140503,0.9564296007156372,0.9242178201675415,0.9412772059440613,0.9604502320289612,0.0302500631660223,0.9527109265327454,0.9855251908302307,0.7552159428596497,0.27450716495513916,0.7436847686767578,1.029512882232666,0.0020478239748626947,0.8146235346794128,0.8922104239463806,0.8561634421348572,0.8241451978683472,0.685975193977356,0.1729540228843689,0.8447731137275696,0.9681328535079956
158,0.7943313121795654,0.17731164395809174,0.09791207313537598,0.00020394515013322234,0.19981934130191803,0.0017949616303667426,0.9479358196258545,0.9571582674980164,0.9251006245613098,0.9428169131278992,0.9666678309440613,0.028306670486927032,0.9546748995780945,0.9859287738800049,0.7541466355323792,0.276622474193573,0.7031307816505432,1.0009709596633911,0.002103541512042284,0.7938817143440247,0.8914187550544739,0.8539760708808899,0.801356315612793,0.628775954246521,0.18403606116771698,0.8279064297676086,0.965799868106842
159,0.7941056489944458,0.17746907472610474,0.0956803634762764,0.0002028216258622706,0.19745157659053802,0.0017968706088140607,0.9484904408454895,0.9589126706123352,0.9252779483795166,0.9424918293952942,0.9672793745994568,0.028090786188840866,0.9551243782043457,0.9859782457351685,0.7528766393661499,0.27806419134140015,0.738214910030365,1.0319043397903442,0.002203798620030284,0.7938437461853027,0.891953706741333,0.8526333570480347,0.7944254875183105,0.6363621950149536,0.17915819585323334,0.828044056892395,0.9659343361854553
160,0.7958124876022339,0.17583918571472168,0.09537399560213089,0.00020169471099507064,0.19683966040611267,0.0017588711343705654,0.9460628032684326,0.9547398686408997,0.9263017177581787,0.9428924322128296,0.9603176712989807,0.028473729267716408,0.9531771540641785,0.9858162999153137,0.7541564106941223,0.2774815261363983,0.686224639415741,0.9707638621330261,0.002059629885479808,0.807745099067688,0.8922677636146545,0.857742190361023,0.8093720078468323,0.6715983748435974,0.17045719921588898,0.8393949270248413,0.9676594734191895
161,0.794537365436554,0.17713257670402527,0.10102146118879318,0.00020056450739502907,0.2029876857995987,0.001808305736631155,0.9477890133857727,0.958673894405365,0.9251748919487,0.941913902759552,0.9653935432434082,0.02840607240796089,0.9545496106147766,0.9858762621879578,0.753726065158844,0.2775481045246124,0.6459483504295349,0.9131457805633545,0.0020754151046276093,0.833396315574646,0.8943520784378052,0.859241783618927,0.8366342186927795,0.743357241153717,0.15306447446346283,0.8601698875427246,0.970237672328949
162,0.7967290282249451,0.17491701245307922,0.09699743241071701,0.00019943105871789157,0.1972033679485321,0.001771244453266263,0.9492308497428894,0.9598801136016846,0.9256339073181152,0.9433776140213013,0.9680318832397461,0.027568859979510307,0.9557620882987976,0.9861682057380676,0.7526422739028931,0.27873560786247253,0.6422233581542969,0.9231410622596741,0.0021947554778307676,0.833256721496582,0.8938983678817749,0.8562765717506409,0.8241814374923706,0.7586705088615417,0.16613136231899261,0.8596108555793762,0.9689319133758545
163,0.7963694930076599,0.17531438171863556,0.10151289403438568,0.00019829445227514952,0.2025507688522339,0.0017435384215787053,0.9482804536819458,0.9596652388572693,0.9259676933288574,0.9426885843276978,0.9647998809814453,0.028278665617108345,0.9549827575683594,0.9860399961471558,0.7523205876350403,0.2795582711696625,0.6661263704299927,0.9511150121688843,0.002167398575693369,0.8135184645652771,0.8926572799682617,0.8553224802017212,0.8070595860481262,0.6990346908569336,0.1699141412973404,0.8437339067459106,0.9673326015472412
164,0.7978767156600952,0.17401599884033203,0.09157820791006088,0.00019715476082637906,0.19179047644138336,0.0017075629439204931,0.9493069648742676,0.9586725831031799,0.9259592890739441,0.9433454871177673,0.9692505598068237,0.028022263199090958,0.9558268785476685,0.9861803650856018,0.7530604600906372,0.27940717339515686,0.6556511521339417,0.9339375495910645,0.00196733046323061,0.8210057020187378,0.8930031061172485,0.8556246757507324,0.8238338828086853,0.7115610837936401,0.16357241570949554,0.8497756719589233,0.9682431221008301
165,0.7972771525382996,0.17469018697738647,0.0986347422003746,0.00019601205713115633,0.1987253874540329,0.0017087500309571624,0.9495955109596252,0.959835946559906,0.9261152148246765,0.9433394074440002,0.9690913558006287,0.02770393155515194,0.9560707211494446,0.9862304329872131,0.7553713321685791,0.27840113639831543,0.688479483127594,0.9683892130851746,0.0021737029310315847,0.8004235625267029,0.8909485936164856,0.8589341044425964,0.828782856464386,0.6230287551879883,0.16528846323490143,0.8329175114631653,0.9663490653038025
166,0.7980290651321411,0.1734517216682434,0.08988730609416962,0.0001948664285009727,0.18934839963912964,0.0016262164572253823,0.950025200843811,0.9605118036270142,0.9262133240699768,0.9432975649833679,0.9700779318809509,0.02765209972858429,0.9564390182495117,0.9863107800483704,0.7551783919334412,0.2776440978050232,0.8089239597320557,1.0875459909439087,0.0018967794021591544,0.8002008199691772,0.894810676574707,0.8556603193283081,0.8372929096221924,0.6130393743515015,0.16471964120864868,0.8334735035896301,0.9680359959602356
167,0.7991341352462769,0.17263579368591309,0.09552543610334396,0.00019371791859157383,0.194922536611557,0.0016270665219053626,0.9494476318359375,0.9594939351081848,0.9266684651374817,0.9436680674552917,0.9679600596427917,0.027887236326932907,0.9559798240661621,0.9863072633743286,0.7550279498100281,0.276741087436676,0.8208360075950623,1.1162866353988647,0.0020419415086507797,0.7768933773040771,0.8952414989471436,0.8483379483222961,0.8178805708885193,0.5461135506629944,0.1816917061805725,0.8141385316848755,0.9643780589103699
168,0.7983827590942383,0.17330239713191986,0.10313121229410172,0.00019256662926636636,0.20222754776477814,0.0016274781664833426,0.9493632912635803,0.9598544239997864,0.9263434410095215,0.9434607625007629,0.9677945375442505,0.02731337398290634,0.9558830261230469,0.9862302541732788,0.7581478953361511,0.273185670375824,0.835708737373352,1.1300127506256104,0.0021835784427821636,0.8218302726745605,0.8957508206367493,0.8534433841705322,0.8069301843643188,0.7311967015266418,0.1817544847726822,0.8504949808120728,0.9679852724075317
169,0.7989788055419922,0.17293517291545868,0.0971166342496872,0.00019141261873301119,0.19601203501224518,0.0016429726965725422,0.9496395587921143,0.9600255489349365,0.9262950420379639,0.9437711834907532,0.9684663414955139,0.027267903089523315,0.9561223983764648,0.9862920641899109,0.7558401226997375,0.27710723876953125,0.6966502666473389,0.9939454197883606,0.0022380079608410597,0.8211179971694946,0.8955570459365845,0.857661247253418,0.8070732951164246,0.7241805195808411,0.18309491872787476,0.8498056530952454,0.9678204655647278
170,0.7995380759239197,0.17202697694301605,0.09424211084842682,0.00019025595975108445,0.19262419641017914,0.0016177938086912036,0.9495185017585754,0.9597734808921814,0.9261029362678528,0.9439215660095215,0.9682760238647461,0.027127990499138832,0.9560413360595703,0.9863352179527283,0.7552803158760071,0.2768242359161377,0.7266343235969543,1.021783471107483,0.002273396821692586,0.7958136200904846,0.8944323062896729,0.8552274107933044,0.8069993853569031,0.6265953779220581,0.18100965023040771,0.829157829284668,0.9654620885848999
171,0.79999178647995,0.17176249623298645,0.08964606374502182,0.00018909675418399274,0.18949086964130402,0.001585998572409153,0.9466682076454163,0.9544797539710999,0.9268401265144348,0.9436138868331909,0.9617388844490051,0.028738755732774734,0.9537867307662964,0.9861552119255066,0.7562379240989685,0.27500081062316895,0.7172572612762451,0.997546911239624,0.0020440176595002413,0.820641279220581,0.8945422172546387,0.8489862680435181,0.8285809755325317,0.7104557752609253,0.1672234833240509,0.8495737314224243,0.9683863520622253
172,0.8001090288162231,0.17205476760864258,0.09748078882694244,0.00018793504568748176,0.19643747806549072,0.0016289190389215946,0.9493692517280579,0.9596003890037537,0.9258738160133362,0.9433655142784119,0.9686371684074402,0.027663903310894966,0.955919623374939,0.9862877130508423,0.755952775478363,0.274789959192276,0.7305247783660889,1.01846182346344,0.002228879602625966,0.8131217956542969,0.8932421803474426,0.8512980341911316,0.817455530166626,0.690491259098053,0.17467756569385529,0.8432608842849731,0.9671239256858826
173,0.8020889163017273,0.16988641023635864,0.08717790991067886,0.00018677092157304287,0.18421190977096558,0.0015994292916730046,0.9506092667579651,0.9604889154434204,0.9270921349525452,0.9447157382965088,0.970140278339386,0.026658494025468826,0.95697021484375,0.9865587949752808,0.7555639743804932,0.27635645866394043,0.6364843845367432,0.9113825559616089,0.002124870428815484,0.8386648297309875,0.8929824829101562,0.859792172908783,0.8347225189208984,0.7671620845794678,0.1611679345369339,0.864119827747345,0.9698897004127502
174,0.8008187413215637,0.1709906905889511,0.105491504073143,0.0001856044546002522,0.2041538953781128,0.0015808918979018927,0.9497909545898438,0.9586892127990723,0.9264765977859497,0.943945050239563,0.9700528383255005,0.02789783664047718,0.9562743902206421,0.986366868019104,0.7553632855415344,0.27696529030799866,0.6473557353019714,0.9297196269035339,0.002089735586196184,0.8018168807029724,0.892877995967865,0.8646134734153748,0.8078462481498718,0.6419297456741333,0.16844326257705688,0.8348432779312134,0.9678175449371338
175,0.8034519553184509,0.16852745413780212,0.09058269113302231,0.00018443571752868593,0.187038391828537,0.0015364771243184805,0.9510435461997986,0.9600801467895508,0.9278802275657654,0.9454834461212158,0.9707300662994385,0.02676272951066494,0.9573456645011902,0.9866749048233032,0.7550663352012634,0.27945810556411743,0.7069187164306641,1.0029715299606323,0.0021075319964438677,0.8006478548049927,0.8914608359336853,0.8619834184646606,0.7965039610862732,0.6526432633399963,0.18110810220241547,0.8336567878723145,0.9669132828712463
176,0.8022182583808899,0.16969634592533112,0.08920507878065109,0.0001832647976698354,0.18596595525741577,0.0015864638844504952,0.9504988193511963,0.960257351398468,0.927771270275116,0.9450424909591675,0.9689241051673889,0.026477325707674026,0.9568849802017212,0.9865719676017761,0.7562931180000305,0.27894720435142517,0.7783443927764893,1.0700045824050903,0.0021630539558827877,0.7742677927017212,0.8944569230079651,0.8567746877670288,0.8062391877174377,0.5396002531051636,0.17683637142181396,0.8124011158943176,0.964824378490448
177,0.8043074607849121,0.16768749058246613,0.08588331937789917,0.0001820917532313615,0.18226496875286102,0.0015421167481690645,0.9510302543640137,0.9610773921012878,0.9279692769050598,0.9457187056541443,0.9693560004234314,0.027074050158262253,0.9573488235473633,0.9867240786552429,0.7557529211044312,0.2790607810020447,0.7871261239051819,1.0816524028778076,0.0019120755605399609,0.7799099683761597,0.8936313390731812,0.8525224924087524,0.8004940748214722,0.5729919672012329,0.18003402650356293,0.8174313306808472,0.9661803841590881
178,0.8042749762535095,0.16793151199817657,0.08352414518594742,0.00018091667152475566,0.17962351441383362,0.0015267136041074991,0.9509052038192749,0.9597429037094116,0.9274320006370544,0.9454322457313538,0.9710137248039246,0.026629019528627396,0.957229733467102,0.9866467118263245,0.7563807368278503,0.2776644229888916,0.7634665369987488,1.0462030172348022,0.0018206305103376508,0.8036777973175049,0.895123302936554,0.8556947112083435,0.8239436149597168,0.63994961977005,0.1689395308494568,0.8365265130996704,0.9685688018798828
179,0.8043386936187744,0.16763807833194733,0.08505170792341232,0.00017973962530959398,0.1812995821237564,0.0015331510221585631,0.9491928219795227,0.9574630260467529,0.9280410408973694,0.9454648494720459,0.9658023715019226,0.0268990620970726,0.9558712244033813,0.986569881439209,0.7570188045501709,0.27763432264328003,0.7170687317848206,0.9903037548065186,0.0018395339138805866,0.8338252902030945,0.8939557671546936,0.8579108119010925,0.8424543142318726,0.7409801483154297,0.15942180156707764,0.8605713844299316,0.9705000519752502
180,0.8042789697647095,0.16744613647460938,0.08401196449995041,0.00017856070189736784,0.17986524105072021,0.0015491894446313381,0.9510495662689209,0.9602001309394836,0.9273076057434082,0.9455624222755432,0.9711280465126038,0.026526061818003654,0.9573599100112915,0.9866916537284851,0.7577788829803467,0.2753932774066925,0.784564197063446,1.0509593486785889,0.0016842489130795002,0.8253188729286194,0.8957216143608093,0.8576207160949707,0.8491208553314209,0.6988121867179871,0.15371187031269073,0.8542284965515137,0.9711995720863342
181,0.8051053881645203,0.16734963655471802,0.08745802193880081,0.00017737995949573815,0.18263088166713715,0.0015664092497900128,0.9513882398605347,0.960178554058075,0.9284566640853882,0.9463064670562744,0.9706114530563354,0.025864794850349426,0.9576470255851746,0.9867910146713257,0.7591236233711243,0.2736421525478363,0.7560675740242004,1.0300835371017456,0.0016568199498578906,0.8307013511657715,0.8957504630088806,0.8561697602272034,0.8428947329521179,0.7279905080795288,0.16207389533519745,0.8581961393356323,0.9705991148948669
182,0.8064895272254944,0.16578684747219086,0.08297117054462433,0.0001761974854161963,0.17742818593978882,0.0015203283401206136,0.9520825743675232,0.9617361426353455,0.9287408590316772,0.9463086724281311,0.9715448021888733,0.025861607864499092,0.9582430720329285,0.9869330525398254,0.7578564286231995,0.27607646584510803,0.7864274382591248,1.0698151588439941,0.0015949426451697946,0.7949019074440002,0.8956525921821594,0.8581031560897827,0.821002721786499,0.604849100112915,0.17056439816951752,0.8297320604324341,0.9684270024299622
183,0.8054783940315247,0.16716670989990234,0.08375684916973114,0.0001750133524183184,0.17960934340953827,0.0015173791907727718,0.9515515565872192,0.9612492322921753,0.9277116060256958,0.9457940459251404,0.9714512228965759,0.026735996827483177,0.9577919840812683,0.9868074059486389,0.7563679218292236,0.27717775106430054,0.7838278412818909,1.0732786655426025,0.0017764171352609992,0.8220946788787842,0.8952099680900574,0.8530267477035522,0.8213919401168823,0.7187502980232239,0.1759154200553894,0.8510004281997681,0.9689376354217529
184,0.8061190247535706,0.1665986031293869,0.08615624904632568,0.0001738276332616806,0.18219724297523499,0.0015745686832815409,0.9497406482696533,0.9603580236434937,0.9279873371124268,0.9449425339698792,0.965674877166748,0.027026541531085968,0.956338107585907,0.9866311550140381,0.7542299032211304,0.2833171486854553,0.8808268904685974,1.1839299201965332,0.0020049933809787035,0.8298976421356201,0.8925420641899109,0.8462331295013428,0.8185665607452393,0.7622488141059875,0.1867685317993164,0.8570200204849243,0.9685393571853638
185,0.8064244389533997,0.16598089039325714,0.08418776094913483,0.00017264040070585907,0.17860813438892365,0.001488446374423802,0.9519833922386169,0.9619799256324768,0.9281340837478638,0.9458341598510742,0.9719851613044739,0.025779997929930687,0.9581600427627563,0.9868844747543335,0.7558349370956421,0.2803538739681244,0.8842193484306335,1.1832033395767212,0.0017900802195072174,0.8084014654159546,0.8945432901382446,0.8456119298934937,0.8096855282783508,0.6837652325630188,0.18415676057338715,0.8401700258255005,0.968001127243042
186,0.8072347044944763,0.16533976793289185,0.0838150754570961,0.00017145175661426038,0.17831429839134216,0.001503458945080638,0.9521480798721313,0.9614356756210327,0.9287860989570618,0.9465331435203552,0.9718372821807861,0.02610170654952526,0.9583004713058472,0.9869450330734253,0.7547107338905334,0.28071123361587524,0.7984612584114075,1.0930272340774536,0.0018213173607364297,0.7934098243713379,0.8955321907997131,0.8494013547897339,0.7987420558929443,0.6299635767936707,0.17954981327056885,0.8282661437988281,0.9671778678894043
187,0.8077468872070312,0.16448549926280975,0.07908900082111359,0.00017026174464263022,0.17277520895004272,0.001456768368370831,0.952272355556488,0.961792528629303,0.9288665056228638,0.9465310573577881,0.9718993306159973,0.02573014423251152,0.9584175944328308,0.9870054125785828,0.7561360597610474,0.2795315384864807,0.8358310461044312,1.1588131189346313,0.0020106197334825993,0.797705888748169,0.8944780230522156,0.8477174639701843,0.7770607471466064,0.6715672612190247,0.20815375447273254,0.8313189744949341,0.9660689830780029
188,0.8071369528770447,0.16522444784641266,0.08213074505329132,0.0001690704666543752,0.17614352703094482,0.001518381992354989,0.952012836933136,0.9608893394470215,0.9285902976989746,0.9461004137992859,0.9724712371826172,0.02562517486512661,0.9581807851791382,0.9868905544281006,0.7565171718597412,0.2800597548484802,0.8761927485466003,1.186273217201233,0.001879706047475338,0.7966370582580566,0.8953216075897217,0.8481488227844238,0.7901256680488586,0.6529520750045776,0.19523747265338898,0.8306520581245422,0.966725766658783
189,0.8073561787605286,0.1653711199760437,0.08222833275794983,0.00016787798085715622,0.1766124963760376,0.0015145516954362392,0.9513867497444153,0.959905743598938,0.9288338422775269,0.9462291598320007,0.9705784320831299,0.025943584740161896,0.9576475024223328,0.986795961856842,0.7573768496513367,0.2788119912147522,0.8367063999176025,1.1298290491104126,0.001650178455747664,0.8046057224273682,0.8952286839485168,0.8512473702430725,0.811724066734314,0.6602227091789246,0.17912273108959198,0.8372937440872192,0.9682833552360535
190,0.8088424205780029,0.1636521816253662,0.07961475104093552,0.00016668438911437988,0.17241273820400238,0.0014059771783649921,0.9527100324630737,0.9617716073989868,0.9298883676528931,0.9471490383148193,0.9720309972763062,0.025218628346920013,0.9587888717651367,0.9871093034744263,0.7564663887023926,0.2802875339984894,0.8433614373207092,1.1445612907409668,0.0016950719291344285,0.792851448059082,0.8931518793106079,0.8489553928375244,0.801201581954956,0.6280971765518188,0.18654245138168335,0.8278161287307739,0.9670819640159607
191,0.8087145686149597,0.16421888768672943,0.08154089003801346,0.00016548973508179188,0.17512452602386475,0.0014607239281758666,0.9526290893554688,0.9622296690940857,0.9294373393058777,0.946908175945282,0.9719414114952087,0.02571532130241394,0.9587141871452332,0.987067699432373,0.7568663954734802,0.2792046368122101,0.7969800233840942,1.0823862552642822,0.0018465830944478512,0.8012922406196594,0.8953181505203247,0.8547993898391724,0.8171165585517883,0.6379348039627075,0.17095442116260529,0.8347571492195129,0.9685139060020447
192,0.8099343776702881,0.16267888247966766,0.07582329213619232,0.0001642941206227988,0.16879358887672424,0.0014056540094316006,0.9531360864639282,0.9627069234848022,0.930692732334137,0.9472917318344116,0.9718528389930725,0.025764554738998413,0.9591597318649292,0.9872032403945923,0.7560899257659912,0.28123605251312256,0.8279480338096619,1.1268991231918335,0.0018842892022803426,0.7848249077796936,0.894298791885376,0.8532360196113586,0.8073621392250061,0.5844027996063232,0.1836300492286682,0.8213211297988892,0.9665951132774353
193,0.8103509545326233,0.1623346209526062,0.07944148778915405,0.0001630976184969768,0.17199333012104034,0.0014231270179152489,0.9532593488693237,0.9626147150993347,0.9297487735748291,0.9473621249198914,0.9733110070228577,0.0254698283970356,0.9592544436454773,0.9872074723243713,0.7566869258880615,0.27876076102256775,0.7609279751777649,1.0428892374038696,0.0017409548163414001,0.8068658113479614,0.8977094888687134,0.8549916744232178,0.8290418386459351,0.645720362663269,0.16784515976905823,0.8391497731208801,0.9690430760383606
194,0.8092173337936401,0.16360020637512207,0.08378472179174423,0.000161900301463902,0.17668792605400085,0.0014505330473184586,0.9531385898590088,0.9627959728240967,0.9300510287284851,0.9470252990722656,0.9726821184158325,0.025257360190153122,0.9591464996337891,0.9871680736541748,0.7560226321220398,0.27959325909614563,0.8093889951705933,1.111879825592041,0.0018122862093150616,0.7994657754898071,0.896095871925354,0.8492683172225952,0.8114598989486694,0.6410391330718994,0.1879356950521469,0.8331606984138489,0.9679045677185059
195,0.8117366433143616,0.1611371636390686,0.0722094401717186,0.00016070224228315055,0.1634724885225296,0.00139093236066401,0.9535589814186096,0.963009238243103,0.9309685230255127,0.9480583071708679,0.9721994400024414,0.02470163255929947,0.9595163464546204,0.9873142242431641,0.7560544013977051,0.28007665276527405,0.7940810322761536,1.1063491106033325,0.0019217482767999172,0.7922362685203552,0.8956307172775269,0.8536720275878906,0.7977787256240845,0.6218636631965637,0.1973547637462616,0.827175498008728,0.966826319694519
196,0.8113889098167419,0.161685973405838,0.08177296072244644,0.00015950352826621383,0.17434652149677277,0.0014145530294626951,0.953222393989563,0.9637479186058044,0.929973304271698,0.9469180703163147,0.9722504615783691,0.02578677237033844,0.9592362642288208,0.9872097969055176,0.7558906674385071,0.2816241979598999,0.7080665826797485,1.0088238716125488,0.00179300457239151,0.7970623970031738,0.8943384289741516,0.8572174906730652,0.8109743595123291,0.6257191896438599,0.18541786074638367,0.8310999870300293,0.9676033854484558
197,0.8113335967063904,0.16149382293224335,0.07552412152290344,0.00015830423217266798,0.16840893030166626,0.0014263233169913292,0.9525665640830994,0.9631644487380981,0.9303789734840393,0.9469371438026428,0.9697853326797485,0.026127805933356285,0.9587228894233704,0.9871955513954163,0.7565133571624756,0.28036972880363464,0.808381974697113,1.1229053735733032,0.0018467499176040292,0.7877986431121826,0.8953787088394165,0.8487491607666016,0.7937217354774475,0.6133448481559753,0.19960521161556244,0.8235257267951965,0.9661204218864441
198,0.8130006790161133,0.16003093123435974,0.07184895873069763,0.00015710444131400436,0.16281650960445404,0.001407743082381785,0.9540958404541016,0.9635348320007324,0.9306111931800842,0.948021411895752,0.9742158651351929,0.024883918464183807,0.9599779844284058,0.9874098300933838,0.755131721496582,0.28360846638679504,0.8708887696266174,1.1865822076797485,0.0019430784741416574,0.79004967212677,0.8920289874076843,0.8501558899879456,0.7954740524291992,0.6225398182868958,0.1993354707956314,0.825219988822937,0.9660796523094177
199,0.8128414750099182,0.1596064567565918,0.07581409066915512,0.0001559042138978839,0.16587206721305847,0.0013821393949910998,0.9543226957321167,0.9638205766677856,0.9310905337333679,0.9485029578208923,0.9738767743110657,0.024167928844690323,0.9601684808731079,0.9874652028083801,0.7559389472007751,0.28380802273750305,0.8572035431861877,1.157543659210205,0.0018536831485107541,0.794897735118866,0.8935872912406921,0.8525171875953674,0.811217188835144,0.6222692131996155,0.18403664231300354,0.8293882608413696,0.9673944115638733
200,0.8140300512313843,0.15945887565612793,0.07595952600240707,0.00015470363723579794,0.16656404733657837,0.00138012261595577,0.9543874263763428,0.9638559818267822,0.9306554198265076,0.9487227201461792,0.974315345287323,0.02473144792020321,0.9602240324020386,0.9874820709228516,0.7574992775917053,0.2813137471675873,0.8487334847450256,1.1439019441604614,0.0017612716183066368,0.804020345211029,0.8968867063522339,0.8549932837486267,0.8073930740356445,0.6568081974983215,0.1800004094839096,0.8366080522537231,0.9678338170051575
201,0.8127122521400452,0.16065432131290436,0.0821659043431282,0.00015350278408732265,0.1739293783903122,0.0014331314014270902,0.9532830119132996,0.9637524485588074,0.9297317862510681,0.9480735063552856,0.9715742468833923,0.025414269417524338,0.9593132138252258,0.9873255491256714,0.7566035985946655,0.28158754110336304,0.7464903593063354,1.0315626859664917,0.0016666121082380414,0.8013646602630615,0.8957955837249756,0.8548848032951355,0.8217142224311829,0.6330639123916626,0.16993770003318787,0.8345429301261902,0.9680874347686768
202,0.8151265382766724,0.15765301883220673,0.06912942975759506,0.00015230175631586462,0.15840505063533783,0.0013326880289241672,0.9548056721687317,0.964987576007843,0.9317846298217773,0.9487119913101196,0.9737386703491211,0.02420131303369999,0.9605978727340698,0.9876173734664917,0.7558064460754395,0.28400006890296936,0.8223983645439148,1.1044179201126099,0.0015039873542264104,0.8146082758903503,0.8971718549728394,0.8531458973884583,0.8406387567520142,0.6674765348434448,0.16616395115852356,0.8453006744384766,0.9696491360664368
203,0.8140647411346436,0.15851017832756042,0.06990806758403778,0.00015110059757716954,0.1595626324415207,0.0013536670012399554,0.9543635249137878,0.9632821083068848,0.9315885901451111,0.9482041001319885,0.9743787050247192,0.02421412616968155,0.9602159261703491,0.9874991774559021,0.7564440369606018,0.28321653604507446,0.7922919392585754,1.089708924293518,0.0017804184462875128,0.816468358039856,0.8962284922599792,0.8538622260093689,0.8151200413703918,0.7006627321243286,0.18145951628684998,0.8464112281799316,0.9683762788772583
204,0.8146138191223145,0.15877074003219604,0.07935300469398499,0.000149899409734644,0.1691759079694748,0.0013432118576020002,0.9543585181236267,0.9644917845726013,0.9315125346183777,0.9483471512794495,0.973082423210144,0.02427910454571247,0.9602187871932983,0.9875244498252869,0.7568529844284058,0.2826743721961975,0.7961372137069702,1.0875428915023804,0.001572499517351389,0.8262808322906494,0.8955038189888,0.8534262776374817,0.8271121978759766,0.7290810346603394,0.17597676813602448,0.8542271852493286,0.969061017036438
205,0.8156408071517944,0.15746131539344788,0.07042086124420166,0.0001486982509959489,0.15928412973880768,0.0013515071477741003,0.9547821283340454,0.9643996953964233,0.9319043159484863,0.9489132165908813,0.9739116430282593,0.02389933168888092,0.9605693817138672,0.9875977039337158,0.7561423182487488,0.2834092080593109,0.8299933075904846,1.131671667098999,0.0017026766436174512,0.8230538368225098,0.8954887986183167,0.8549255132675171,0.8175889849662781,0.724212110042572,0.1857605129480362,0.8517453074455261,0.9689299464225769
206,0.8157488703727722,0.1574651449918747,0.07292653620243073,0.00014749720867257565,0.16234877705574036,0.0013475115410983562,0.9543681144714355,0.9636022448539734,0.9312164783477783,0.9489942193031311,0.9736595153808594,0.024399571120738983,0.9602341651916504,0.9875595569610596,0.7568719387054443,0.283450186252594,0.8393341302871704,1.1450012922286987,0.0018659277120605111,0.8311481475830078,0.8954317569732666,0.8571079969406128,0.8164456486701965,0.7556071877479553,0.18948866426944733,0.8581240773200989,0.969113290309906
207,0.8170426487922668,0.1563815176486969,0.06753487884998322,0.0001462963700760156,0.1562730222940445,0.0013301270082592964,0.9547117948532104,0.9644957780838013,0.9321025609970093,0.948919415473938,0.9733294248580933,0.024189958348870277,0.9605427980422974,0.9876692891120911,0.7571970820426941,0.2821049094200134,0.9107085466384888,1.2003430128097534,0.0016625204589217901,0.8376888036727905,0.8950156569480896,0.855385959148407,0.8423544764518738,0.7579993009567261,0.17429862916469574,0.8636795878410339,0.9706611633300781
208,0.8164134621620178,0.15691635012626648,0.07154279202222824,0.00014509579341392964,0.16068582236766815,0.001357354107312858,0.9548843502998352,0.9647495150566101,0.9322185516357422,0.9489840269088745,0.9735857248306274,0.02432783506810665,0.9606660604476929,0.9876484274864197,0.7562955021858215,0.2837975323200226,0.9191256761550903,1.212185025215149,0.0016803325852379203,0.8180872201919556,0.8962529897689819,0.8527333736419678,0.8356539607048035,0.6877084970474243,0.17702004313468933,0.8480733633041382,0.9696568250656128
209,0.816776692867279,0.15634272992610931,0.07264941930770874,0.00014389556599780917,0.16182370483875275,0.0013368213549256325,0.9546310305595398,0.9647589325904846,0.9318392872810364,0.9486880898475647,0.9732378721237183,0.024615297093987465,0.9604703783988953,0.9876254796981812,0.755456268787384,0.28503480553627014,0.9167724251747131,1.2179467678070068,0.0016888862010091543,0.8070483803749084,0.8923871517181396,0.850033164024353,0.809637188911438,0.6761360764503479,0.1846269965171814,0.8389196395874023,0.9676312804222107
210,0.817928671836853,0.15534424781799316,0.06721661239862442,0.00014269576058723032,0.15704335272312164,0.001372218830510974,0.9540345072746277,0.9605808258056641,0.9323245286941528,0.9487961530685425,0.974436342716217,0.02563796192407608,0.9599652290344238,0.9875270128250122,0.7545621991157532,0.28702181577682495,0.9330336451530457,1.24069344997406,0.0017306506633758545,0.8001725673675537,0.8926162123680115,0.8476882576942444,0.8020443320274353,0.6583414673805237,0.19025585055351257,0.8333547711372375,0.9669047594070435
211,0.8181226253509521,0.15553022921085358,0.06491175293922424,0.0001414964790455997,0.15310552716255188,0.0013100531650707126,0.955220103263855,0.9652026295661926,0.932684600353241,0.9496450424194336,0.9733483791351318,0.02400788478553295,0.9609626531600952,0.9877572059631348,0.755660891532898,0.2879057228565216,0.9551219940185547,1.2782562971115112,0.0018915465334430337,0.8177050352096558,0.8938843607902527,0.8481087684631348,0.8038122653961182,0.7250146865844727,0.20513392984867096,0.8469562530517578,0.9670460224151611
212,0.818164050579071,0.1553633213043213,0.06891432404518127,0.00014029776502866298,0.1569240540266037,0.001319926930591464,0.9556980729103088,0.9652456045150757,0.932542622089386,0.9497213363647461,0.9752827286720276,0.023874269798398018,0.9613760709762573,0.9878550171852112,0.755425214767456,0.2890669107437134,0.9767563343048096,1.3011987209320068,0.0018224817467853427,0.7937799692153931,0.8925930261611938,0.8472001552581787,0.7945729494094849,0.640753448009491,0.20608188211917877,0.8281692266464233,0.9661908745765686
213,0.818632185459137,0.15440738201141357,0.06704051047563553,0.00013909970584791154,0.1545676589012146,0.0012849484337493777,0.9557770490646362,0.9655405282974243,0.9324722290039062,0.9500541687011719,0.975041389465332,0.023821547627449036,0.9614469408988953,0.9878865480422974,0.7552663683891296,0.2897547781467438,0.9228498935699463,1.2388429641723633,0.0016831150278449059,0.7933729887008667,0.8903232216835022,0.8486742973327637,0.8022302389144897,0.6322643756866455,0.19756659865379333,0.8279382586479187,0.9665012955665588
214,0.8181456923484802,0.15481683611869812,0.06884867697954178,0.00013790238881483674,0.15766708552837372,0.0013086278922855854,0.9556394815444946,0.9660471677780151,0.9329020380973816,0.9490000009536743,0.9746087193489075,0.024936828762292862,0.961336612701416,0.9878432750701904,0.7572035193443298,0.28737372159957886,0.8786007165908813,1.184560775756836,0.0017736471490934491,0.8208359479904175,0.8928543329238892,0.8535638451576233,0.8135247230529785,0.7234009504318237,0.18834924697875977,0.8496878743171692,0.9680257439613342
215,0.8185160756111145,0.15470370650291443,0.07165323942899704,0.00013670588668901473,0.15945318341255188,0.001316323410719633,0.9553301334381104,0.9651163816452026,0.9326866865158081,0.9495874643325806,0.9739300608634949,0.0239231139421463,0.9610812067985535,0.9878308176994324,0.7558287978172302,0.28825244307518005,0.8071444630622864,1.113362431526184,0.001900341478176415,0.8292611837387085,0.8942131996154785,0.8548594117164612,0.8157262802124023,0.7522457242012024,0.18806639313697815,0.856392502784729,0.9684959650039673
216,0.8193203806877136,0.1539720892906189,0.06986768543720245,0.00013551027223002166,0.15835236012935638,0.0012912024976685643,0.9553172588348389,0.9657139778137207,0.9332593679428101,0.9488774538040161,0.9734182953834534,0.02493422105908394,0.9610845446586609,0.9878326058387756,0.7555627226829529,0.28871017694473267,0.8048632740974426,1.1115968227386475,0.0017646877095103264,0.8067903518676758,0.891552746295929,0.8551585674285889,0.8045735359191895,0.6758766174316406,0.1886027306318283,0.8385993838310242,0.9674010872840881
217,0.8195759057998657,0.15403583645820618,0.06627453118562698,0.00013431561819743365,0.1534518599510193,0.0012844073353335261,0.9560412168502808,0.9663997292518616,0.9325957298278809,0.9500594139099121,0.9751094579696655,0.023700490593910217,0.9616594314575195,0.9879037737846375,0.7557737231254578,0.28856581449508667,0.9162502884864807,1.2221075296401978,0.0017559654079377651,0.8143372535705566,0.8924499750137329,0.851580798625946,0.8157801628112793,0.6975381970405579,0.18779665231704712,0.8447912931442261,0.968334436416626
218,0.8193622827529907,0.15392090380191803,0.07161805033683777,0.0001331220119027421,0.15894760191440582,0.0012872159713879228,0.9558792114257812,0.9651045799255371,0.9330833554267883,0.9495105743408203,0.9758181571960449,0.023843949660658836,0.9615212678909302,0.9878664612770081,0.7559371590614319,0.2884390950202942,0.8748432993888855,1.1751158237457275,0.001624356722459197,0.8146960735321045,0.8945437073707581,0.8495575189590454,0.830488383769989,0.684194803237915,0.1824607104063034,0.8451425433158875,0.968835175037384
219,0.8213293552398682,0.1519659459590912,0.06404207646846771,0.00013192954065743834,0.14991910755634308,0.0012979175662621856,0.9563279747962952,0.9655483961105347,0.9336888790130615,0.9508320093154907,0.9752427339553833,0.023121260106563568,0.9619184732437134,0.9880315065383911,0.7556819319725037,0.2893790006637573,0.8467081785202026,1.145168423652649,0.001664214301854372,0.8256943821907043,0.895628809928894,0.8534672856330872,0.8355165719985962,0.7181647419929504,0.1802121102809906,0.8538670539855957,0.9694966673851013
220,0.821378231048584,0.15248118340969086,0.06661808490753174,0.00013073824811726809,0.1537398397922516,0.0012450135545805097,0.9558772444725037,0.9663577675819397,0.9332290887832642,0.9500300884246826,0.9738923907279968,0.024239029735326767,0.9615625143051147,0.9879798889160156,0.7560843229293823,0.28859496116638184,0.8104807734489441,1.1052660942077637,0.0016395972343161702,0.7966567873954773,0.8946503400802612,0.8575026392936707,0.8163668513298035,0.6181071400642395,0.17688767611980438,0.8308752775192261,0.9679265022277832
221,0.8210791349411011,0.15272051095962524,0.06598004698753357,0.00012954825069755316,0.1530909389257431,0.00128062698058784,0.9553284645080566,0.9665070176124573,0.9333657622337341,0.9495736956596375,0.9718668460845947,0.024087009951472282,0.9611228704452515,0.9879248142242432,0.756186306476593,0.2892249822616577,0.8256241083145142,1.1212626695632935,0.0016839822055771947,0.8090269565582275,0.8930057883262634,0.8596146106719971,0.8295183777809143,0.6539691090583801,0.17742279171943665,0.8406944274902344,0.9688488245010376
222,0.8225938081741333,0.15100060403347015,0.06281650066375732,0.00012835959205403924,0.1482274979352951,0.0012400106061249971,0.9569688439369202,0.9670231342315674,0.9340726137161255,0.9512028098106384,0.9755769371986389,0.023210853338241577,0.9624830484390259,0.9882075190544128,0.7557187676429749,0.28983044624328613,0.8366504907608032,1.1338579654693604,0.001634540967643261,0.8089025020599365,0.8916060924530029,0.8582369089126587,0.8182550668716431,0.6675119400024414,0.17882348597049713,0.8404545783996582,0.9682450890541077
223,0.8229485154151917,0.15082301199436188,0.06357565522193909,0.00012717237405013293,0.14871840178966522,0.0012245946563780308,0.9571192264556885,0.9667953848838806,0.9341520667076111,0.9508790969848633,0.9766505360603333,0.02296876721084118,0.9626010656356812,0.9882025718688965,0.7567499876022339,0.2882821261882782,0.9339470863342285,1.237311601638794,0.001682740985415876,0.817015528678894,0.8926492929458618,0.8546929359436035,0.8228589296340942,0.6978611946105957,0.18552793562412262,0.8468784093856812,0.9685887098312378
224,0.8224353194236755,0.15106220543384552,0.06411337107419968,0.00012598665489349514,0.1500813364982605,0.0012142583727836609,0.9556598663330078,0.964592695236206,0.9337481260299683,0.950710654258728,0.973588228225708,0.023734306916594505,0.9614266157150269,0.9880712628364563,0.7566599249839783,0.2889658212661743,0.8603501915931702,1.156798005104065,0.0016833948902785778,0.8260728120803833,0.8919771313667297,0.8594452142715454,0.8286938071250916,0.7241751551628113,0.17833545804023743,0.8540164232254028,0.9690703749656677
225,0.8228267431259155,0.15108034014701843,0.06344212591648102,0.00012480252189561725,0.14911429584026337,0.001217846991494298,0.9567413926124573,0.966469407081604,0.933803915977478,0.9509072303771973,0.9757851958274841,0.023418042808771133,0.9622727632522583,0.9881120920181274,0.7582001686096191,0.2878132164478302,0.9026859998703003,1.2083542346954346,0.0017185279866680503,0.8237442374229431,0.8910881876945496,0.857634961605072,0.8267502188682556,0.7195035219192505,0.18796537816524506,0.8519622087478638,0.9684506058692932
226,0.8231508135795593,0.1506119817495346,0.06467463076114655,0.00012362003326416016,0.15137426555156708,0.0012188953114673495,0.9558698534965515,0.9671262502670288,0.934195339679718,0.9501830339431763,0.9719746708869934,0.024601617828011513,0.9615718126296997,0.9880320429801941,0.7578487992286682,0.28739115595817566,0.8225440382957458,1.1176137924194336,0.0017295957077294588,0.828947126865387,0.8921869993209839,0.8601019978523254,0.8371517658233643,0.7263476848602295,0.17751920223236084,0.8562883138656616,0.9693759083747864
227,0.8234142065048218,0.15037085115909576,0.06259610503911972,0.00012243929086253047,0.1479150950908661,0.0012170758564025164,0.955196738243103,0.9670042395591736,0.9346646666526794,0.9490798711776733,0.970038115978241,0.023325493559241295,0.9610545039176941,0.9879764318466187,0.7576874494552612,0.28733715415000916,0.858307957649231,1.1616337299346924,0.001795094576664269,0.827157735824585,0.8933241963386536,0.8591877222061157,0.8293049335479736,0.7268140912055969,0.1856980174779892,0.8548666834831238,0.9691200852394104
228,0.8246843814849854,0.1491943597793579,0.05997970700263977,0.00012126036745030433,0.1445855051279068,0.0012097677681595087,0.9568555355072021,0.9678629040718079,0.9346915483474731,0.950860321521759,0.9740073084831238,0.023098677396774292,0.9624183773994446,0.9882409572601318,0.7586584687232971,0.28671473264694214,0.8760051727294922,1.1865918636322021,0.0018319586524739861,0.8099914789199829,0.8943947553634644,0.8592405319213867,0.8067586421966553,0.6795722842216492,0.19315317273139954,0.8410951495170593,0.9676403999328613
229,0.8238193392753601,0.1502709537744522,0.06215273216366768,0.00012008332851110026,0.1478562355041504,0.0012128512607887387,0.9568215608596802,0.9673133492469788,0.9342001676559448,0.9508318901062012,0.9749411940574646,0.023760458454489708,0.9623708724975586,0.9881886839866638,0.7578166723251343,0.287395179271698,0.8991751670837402,1.1969538927078247,0.0016576661728322506,0.8278577327728271,0.8929247856140137,0.8537465333938599,0.8418478965759277,0.7229117155075073,0.18033449351787567,0.8555895090103149,0.9696717262268066
230,0.8246605396270752,0.1492328941822052,0.0602869987487793,0.00011890824680449441,0.14462633430957794,0.0012109653325751424,0.957555890083313,0.9678463339805603,0.9346621632575989,0.9515619277954102,0.9761531352996826,0.022824658080935478,0.9629825353622437,0.9883273243904114,0.7579252123832703,0.28796622157096863,0.9551571011543274,1.2567970752716064,0.0018303229007869959,0.8210761547088623,0.892109215259552,0.8556512594223022,0.8310896754264832,0.7054546475410461,0.1837078183889389,0.8500286340713501,0.9688097834587097
231,0.8248005509376526,0.14940235018730164,0.06520140171051025,0.00011773520964197814,0.14963661134243011,0.0012152313720434904,0.9569584131240845,0.9651915431022644,0.9345298409461975,0.9514349102973938,0.9766773581504822,0.022835606709122658,0.9624773263931274,0.9882221817970276,0.7572832107543945,0.28920605778694153,0.9018574953079224,1.1967651844024658,0.0016786945052444935,0.8133710622787476,0.8928592205047607,0.8550788164138794,0.8399266600608826,0.6656196117401123,0.17670679092407227,0.8441745638847351,0.969218373298645
232,0.8252293467521667,0.14852957427501678,0.060602590441703796,0.00011656428250716999,0.14448735117912292,0.001196064637042582,0.9574992656707764,0.9672394394874573,0.9347580671310425,0.9516717195510864,0.9763278961181641,0.022671710699796677,0.9629383087158203,0.988334059715271,0.7574043273925781,0.2886091470718384,0.9127861261367798,1.2047791481018066,0.0016737096011638641,0.8324113488197327,0.895107090473175,0.8556801080703735,0.8469926118850708,0.7318655848503113,0.17403900623321533,0.8592339754104614,0.9701149463653564
233,0.8267523050308228,0.1474485993385315,0.056916192173957825,0.00011539555271156132,0.1397552341222763,0.001161560183390975,0.9581795930862427,0.9675787091255188,0.9352131485939026,0.9522305130958557,0.9776959419250488,0.02211874909698963,0.9635176658630371,0.9884740710258484,0.7575810551643372,0.2886175513267517,0.8499415516853333,1.133697509765625,0.0016024201177060604,0.8400415182113647,0.8978471159934998,0.8567023873329163,0.8586667776107788,0.7469497919082642,0.16590434312820435,0.8655832409858704,0.9713824987411499
234,0.8264335989952087,0.14708121120929718,0.05794069170951843,0.00011422908573877066,0.14096859097480774,0.0011536156525835395,0.9581880569458008,0.9672638773918152,0.9353175163269043,0.952016294002533,0.978154718875885,0.022476589307188988,0.9635249972343445,0.9884717464447021,0.7574802041053772,0.28823065757751465,0.82984858751297,1.116819143295288,0.0015439509879797697,0.837113618850708,0.8958967328071594,0.856656014919281,0.8589809536933899,0.7369207143783569,0.16936226189136505,0.8632745742797852,0.9712612628936768
235,0.8261609673500061,0.1481625884771347,0.05987468361854553,0.00011306496162433177,0.14329347014427185,0.0011562948348000646,0.9575955867767334,0.9666697978973389,0.9348410367965698,0.9519121050834656,0.9769595861434937,0.02242240123450756,0.9630336761474609,0.9883905649185181,0.7575196623802185,0.28729385137557983,0.7724424004554749,1.0546480417251587,0.0015090255765244365,0.8196755647659302,0.8933283686637878,0.8576410412788391,0.8561558723449707,0.6715768575668335,0.16502425074577332,0.8495020866394043,0.9706036448478699
236,0.8273297548294067,0.14638660848140717,0.05724742263555527,0.00011190325312782079,0.1397615373134613,0.0011813464807346463,0.9585731625556946,0.9670642614364624,0.935267984867096,0.9525152444839478,0.9794453382492065,0.022184059023857117,0.9638625979423523,0.9885786175727844,0.7570645809173584,0.2892945110797882,0.8204150795936584,1.1019867658615112,0.0016337078996002674,0.8382661938667297,0.892294704914093,0.857375979423523,0.8659064173698425,0.7374876737594604,0.16340364515781403,0.8642013669013977,0.971419632434845
237,0.8270552754402161,0.14745023846626282,0.05960691347718239,0.00011074403300881386,0.1426384449005127,0.0011504918802529573,0.9579074382781982,0.9670728445053101,0.9353092908859253,0.9523427486419678,0.9769049882888794,0.022347163408994675,0.9632964134216309,0.9884576201438904,0.757516622543335,0.2877928912639618,0.8391759395599365,1.1239428520202637,0.001598876784555614,0.8324543237686157,0.8919751048088074,0.8575277328491211,0.8679300546646118,0.7123843431472778,0.16725169122219086,0.8595958948135376,0.9712649583816528
238,0.827548086643219,0.1467195600271225,0.05751228332519531,0.00010958738130284473,0.14072439074516296,0.0011689274106174707,0.9581336379051208,0.9669965505599976,0.935479462146759,0.9521746039390564,0.9778839945793152,0.022760629653930664,0.9634979963302612,0.988510251045227,0.757755696773529,0.28843680024147034,0.7446746826171875,1.0266203880310059,0.0016718668630346656,0.835587739944458,0.8942146897315979,0.8585653901100159,0.851460337638855,0.7381107211112976,0.1640625,0.8618563413619995,0.9706031084060669
239,0.8287680149078369,0.14555087685585022,0.05336545407772064,0.00010843337076948956,0.1353314071893692,0.001144720590673387,0.9588623046875,0.9677073955535889,0.9357399940490723,0.9528474807739258,0.9791542291641235,0.0220140740275383,0.9641105532646179,0.9886497855186462,0.7572181224822998,0.2905186116695404,0.8405224084854126,1.1344844102859497,0.0016485353698953986,0.8210710287094116,0.8928823471069336,0.8591495156288147,0.8357105851173401,0.6965416669845581,0.17528247833251953,0.8501571416854858,0.9692944884300232
240,0.8275229930877686,0.1466643065214157,0.0635676383972168,0.00010728208144428208,0.14733600616455078,0.001226843218319118,0.9568696022033691,0.9668720364570618,0.9356961846351624,0.9520047307014465,0.9729052782058716,0.02327830158174038,0.9624460935592651,0.9883477091789246,0.756967306137085,0.29148736596107483,0.854113757610321,1.1602263450622559,0.0017336915479972959,0.8342516422271729,0.8927953839302063,0.8562318086624146,0.8338869214057922,0.754092276096344,0.18691733479499817,0.860373318195343,0.9691540002822876
241,0.8291205167770386,0.14512091875076294,0.05590881034731865,0.00010613357881084085,0.13769669830799103,0.0011305079096928239,0.9588801264762878,0.9684167504310608,0.9357889890670776,0.9528121948242188,0.978502631187439,0.022052226588129997,0.964133083820343,0.9886740446090698,0.7576195597648621,0.29159003496170044,0.8124198913574219,1.121359944343567,0.0018882014555856586,0.8355270028114319,0.892806887626648,0.8601723909378052,0.8296231627464294,0.7595054507255554,0.1894720047712326,0.8613234758377075,0.9690565466880798
242,0.828345000743866,0.14616398513317108,0.06001247838139534,0.00010498793562874198,0.1425931304693222,0.0011513581266626716,0.9586447477340698,0.9683007001876831,0.9358140826225281,0.9522673487663269,0.9781970381736755,0.022371608763933182,0.9639180898666382,0.988575279712677,0.7580846548080444,0.2903653681278229,0.797212541103363,1.1046953201293945,0.0019233784405514598,0.8282487988471985,0.8928931355476379,0.8637164235115051,0.8218386769294739,0.7345470190048218,0.18845121562480927,0.8555761575698853,0.9687744975090027
243,0.8282458186149597,0.1458069086074829,0.0593743622303009,0.00010384523920947686,0.14175763726234436,0.0011467766016721725,0.9588244557380676,0.9684125185012817,0.9358524084091187,0.9524835348129272,0.9785497784614563,0.022318625822663307,0.9640681147575378,0.9886079430580139,0.7577747106552124,0.2906988859176636,0.7565502524375916,1.053311824798584,0.0018114661797881126,0.8379620313644409,0.8951866626739502,0.8619852662086487,0.8371331691741943,0.7575430274009705,0.17776396870613098,0.8634368181228638,0.9698001742362976
244,0.8293173909187317,0.1449124664068222,0.057236719876527786,0.0001027055477607064,0.13862282037734985,0.0011355640599504113,0.9593120813369751,0.9684853553771973,0.9366093873977661,0.9526298642158508,0.979523777961731,0.021743882447481155,0.96448814868927,0.9887176752090454,0.756924569606781,0.2923504710197449,0.8016089797019958,1.0868492126464844,0.0015993587439879775,0.8306448459625244,0.8949636220932007,0.8624739050865173,0.8504685163497925,0.7146733403205872,0.16590067744255066,0.8579657673835754,0.9705746173858643
245,0.8296897411346436,0.14463751018047333,0.056305911391973495,0.00010156894131796435,0.13796034455299377,0.0011475248029455543,0.9590076208114624,0.968105673789978,0.9363278150558472,0.9528231620788574,0.9787737131118774,0.022067587822675705,0.9642282724380493,0.9886639714241028,0.7575290203094482,0.2925255298614502,0.8281347751617432,1.1290202140808105,0.00169830908998847,0.8354272246360779,0.8940794467926025,0.8634521961212158,0.8318975567817688,0.7522796988487244,0.18132781982421875,0.8613893389701843,0.9695144891738892
246,0.8299726843833923,0.1443399041891098,0.05625804886221886,0.00010043549991678447,0.13734808564186096,0.0011295474832877517,0.9592456817626953,0.9687293171882629,0.9363572597503662,0.9527788758277893,0.979117214679718,0.021671898663043976,0.9644323587417603,0.9887136816978455,0.7563349008560181,0.29326605796813965,0.904951810836792,1.2081327438354492,0.0016637173248454928,0.8391733169555664,0.8931441903114319,0.8592716455459595,0.8385875821113586,0.7656899094581604,0.18337929248809814,0.8643577694892883,0.9696732759475708
247,0.8305954337120056,0.14408963918685913,0.06409147381782532,9.930528176482767e-05,0.1453053057193756,0.0011298235040158033,0.9590434432029724,0.9682153463363647,0.9365567564964294,0.9528948068618774,0.9785069823265076,0.021875707432627678,0.9642701148986816,0.9887003898620605,0.7580831050872803,0.2900501787662506,0.8372104167938232,1.1250473260879517,0.0015440447023138404,0.8428770899772644,0.8914101719856262,0.8617819547653198,0.8561702966690063,0.76214599609375,0.16950096189975739,0.8677002787590027,0.9710675477981567
248,0.8303490877151489,0.1443653702735901,0.05614042282104492,9.817837417358533e-05,0.13729728758335114,0.001151170814409852,0.9593232870101929,0.9687381386756897,0.9367746710777283,0.9529611468315125,0.9788193106651306,0.021676622331142426,0.9645071029663086,0.9887593388557434,0.7583450078964233,0.29033324122428894,0.862069845199585,1.1445821523666382,0.0014333658618852496,0.8405410647392273,0.893814742565155,0.8608018755912781,0.8630534410476685,0.7444940209388733,0.16422860324382782,0.8660405874252319,0.9716114401817322
249,0.8307528495788574,0.14372946321964264,0.05601970851421356,9.705484990263358e-05,0.1371547132730484,0.00111403688788414,0.9595773816108704,0.9688302278518677,0.9367035627365112,0.9533032178878784,0.9794725775718689,0.02197013981640339,0.9647207260131836,0.9888037443161011,0.7587137222290039,0.29043737053871155,0.829598605632782,1.1173330545425415,0.0015560912434011698,0.8429039716720581,0.8932991027832031,0.8633131384849548,0.8548139929771423,0.7601895332336426,0.16922515630722046,0.8677818179130554,0.9712525606155396
250,0.831323504447937,0.14352145791053772,0.05658567324280739,9.593476715963334e-05,0.13761374354362488,0.0011344481026753783,0.9593513011932373,0.9687544703483582,0.936467170715332,0.9534329175949097,0.9787508845329285,0.02191299945116043,0.9645334482192993,0.9887735247612,0.7585006356239319,0.2906227111816406,0.8387089967727661,1.1329962015151978,0.0014667862560600042,0.8241255879402161,0.8947983980178833,0.8614267110824585,0.8402718305587769,0.7000054121017456,0.17583777010440826,0.8526991605758667,0.9698531627655029
251,0.8316682577133179,0.14309702813625336,0.061716239899396896,9.481820598011836e-05,0.14266052842140198,0.001107893418520689,0.9595049619674683,0.9683364629745483,0.9370914101600647,0.9531649351119995,0.9794270992279053,0.022030262276530266,0.9646674394607544,0.9888067245483398,0.7575410604476929,0.29375159740448,0.8306982517242432,1.134093999862671,0.0014118073740974069,0.7998385429382324,0.8907830119132996,0.8626565933227539,0.8198750019073486,0.6260395646095276,0.1837773323059082,0.8333902359008789,0.96815425157547
252,0.8318486213684082,0.14274688065052032,0.05333772674202919,9.370524639962241e-05,0.13374227285385132,0.0010786667698994279,0.959223210811615,0.9691184759140015,0.9372402429580688,0.9534018635749817,0.9771322011947632,0.021686414256691933,0.9644362330436707,0.9887925982475281,0.7585662007331848,0.29060032963752747,0.8306838870048523,1.122662901878357,0.0014055048814043403,0.8160535097122192,0.893747091293335,0.8645278811454773,0.8371478915214539,0.6687911748886108,0.1736302673816681,0.8463726043701172,0.9696590304374695
253,0.832456648349762,0.14242389798164368,0.054935939610004425,9.259594662580639e-05,0.1350507289171219,0.0011043496197089553,0.9598344564437866,0.969373345375061,0.937412440776825,0.9537639021873474,0.9787884950637817,0.021470798179507256,0.9649572372436523,0.9889181852340698,0.7583628296852112,0.2912258505821228,0.8410592079162598,1.1379655599594116,0.0014791978755965829,0.8214358687400818,0.8935649394989014,0.8618173003196716,0.8306641578674316,0.6996970772743225,0.1781977415084839,0.8504597544670105,0.9693000316619873
254,0.8328801393508911,0.14185169339179993,0.051876500248909,9.149039397016168e-05,0.13168883323669434,0.0010748767526820302,0.9602287411689758,0.9706054925918579,0.9373577833175659,0.9536452889442444,0.9793060421943665,0.021456260234117508,0.965274453163147,0.9889370203018188,0.757859468460083,0.29265445470809937,0.8781206607818604,1.1691632270812988,0.0014723240165039897,0.8219959735870361,0.8922879099845886,0.8606462478637695,0.8474909067153931,0.6875587105751038,0.17177227139472961,0.8511486053466797,0.9701467156410217
255,0.832804799079895,0.14205805957317352,0.050558753311634064,9.038864664034918e-05,0.13035894930362701,0.0010830429382622242,0.960206925868988,0.9699729681015015,0.9377828240394592,0.9534094929695129,0.9796624183654785,0.021336574107408524,0.9652519226074219,0.988919734954834,0.758313775062561,0.29113277792930603,0.8471454381942749,1.1393225193023682,0.0014526521554216743,0.8334530591964722,0.892520546913147,0.8608826994895935,0.8497274518013,0.7306814789772034,0.173544779419899,0.8601805567741394,0.9705306887626648
256,0.8334059715270996,0.1412605494260788,0.05539342761039734,8.929077739594504e-05,0.13460996747016907,0.0010960028739646077,0.9602962136268616,0.9700971841812134,0.9376455545425415,0.9535644054412842,0.9798777103424072,0.02109985612332821,0.965335488319397,0.988959014415741,0.7569792866706848,0.2944893538951874,0.8593571186065674,1.1617711782455444,0.0014984210720285773,0.8293614387512207,0.8923755288124084,0.8622680306434631,0.8370906114578247,0.7257116436958313,0.18237122893333435,0.8567603826522827,0.9697578549385071
257,0.8339028358459473,0.1410510241985321,0.05345994234085083,8.819685899652541e-05,0.13258984684944153,0.0010677482932806015,0.9601119756698608,0.9698735475540161,0.9381157755851746,0.9539366960525513,0.9785220623016357,0.021130157634615898,0.9651961326599121,0.9889819622039795,0.7574120759963989,0.29526257514953613,0.8241477608680725,1.1216286420822144,0.001500398968346417,0.8392467498779297,0.8916767239570618,0.8631361126899719,0.8503856658935547,0.7517884969711304,0.17712539434432983,0.864726185798645,0.9706738591194153
258,0.8334800004959106,0.14140057563781738,0.05189293250441551,8.710696420166641e-05,0.1315551996231079,0.0010844358475878835,0.9599119424819946,0.969352662563324,0.9379783272743225,0.9535486102104187,0.9787684082984924,0.021458731964230537,0.9650214314460754,0.9889161586761475,0.7580929398536682,0.2932922840118408,0.8645749092102051,1.1683995723724365,0.0014695145655423403,0.8276851773262024,0.8906645178794861,0.8590863347053528,0.8429232239723206,0.7180665135383606,0.1843033730983734,0.8554480671882629,0.9697479605674744
259,0.8336507081985474,0.14101628959178925,0.052366238087415695,8.602116577094421e-05,0.1314566731452942,0.00108590186573565,0.9595162272453308,0.9691887497901917,0.9376656413078308,0.9537711143493652,0.977439284324646,0.021037861704826355,0.9647118449211121,0.988911509513855,0.7578402757644653,0.29413115978240967,0.8881725668907166,1.1875650882720947,0.001587311620824039,0.8243966102600098,0.8924936652183533,0.8589451909065247,0.8432848453521729,0.7028629183769226,0.1793595552444458,0.8529114723205566,0.9698210954666138
260,0.8340387940406799,0.14061732590198517,0.05126814916729927,8.49395219120197e-05,0.1303442120552063,0.0010677665704861283,0.9602698087692261,0.9701539874076843,0.9382116198539734,0.9538947343826294,0.9788190126419067,0.02121487446129322,0.9653237462043762,0.9889926314353943,0.757670521736145,0.29484009742736816,0.8911178708076477,1.190455436706543,0.0015119821764528751,0.8405168652534485,0.8934600353240967,0.8579537868499756,0.8531331419944763,0.7575203776359558,0.17913353443145752,0.8657768368721008,0.9707927703857422
261,0.8346602916717529,0.14029215276241302,0.04964732751250267,8.386211266042665e-05,0.12921646237373352,0.0010719551937654614,0.9594143629074097,0.9694868922233582,0.9381293058395386,0.9538659453392029,0.9761751890182495,0.02182183414697647,0.9646129608154297,0.9888839721679688,0.7576037049293518,0.29361453652381897,0.8501494526863098,1.1529780626296997,0.0016031655250117183,0.8387439250946045,0.8929999470710754,0.8602879643440247,0.8441723585128784,0.7575154304504395,0.18297834694385529,0.8641166687011719,0.9700281620025635
262,0.8345664143562317,0.13983137905597687,0.04987625777721405,8.278901077574119e-05,0.1285809576511383,0.0010551507584750652,0.9604343175888062,0.9702591300010681,0.9381471276283264,0.9540416598320007,0.9792894721031189,0.021175261586904526,0.9654739499092102,0.9890561103820801,0.7570534944534302,0.2955838739871979,0.8931499123573303,1.204279899597168,0.0017317692982032895,0.8380576372146606,0.8924517035484314,0.8575454950332642,0.8399432897567749,0.7622902393341064,0.1902986466884613,0.8635064363479614,0.9696895480155945
263,0.8353460431098938,0.13918599486351013,0.04739529266953468,8.172027446562424e-05,0.1255858838558197,0.0010459951590746641,0.9606078863143921,0.9706026911735535,0.9383232593536377,0.954149603843689,0.9793561100959778,0.020938199013471603,0.9656240344047546,0.9890962839126587,0.757537305355072,0.2947094738483429,0.9128798842430115,1.2189959287643433,0.0015800483524799347,0.8301251530647278,0.8926231265068054,0.8592051863670349,0.8398855924606323,0.7287867665290833,0.18586181104183197,0.857359766960144,0.9697756171226501
264,0.8354002237319946,0.13923998177051544,0.05016571283340454,8.065598376560956e-05,0.1283198446035385,0.0010248435428366065,0.9606793522834778,0.9702398777008057,0.9380731582641602,0.9542762637138367,0.9801279306411743,0.020911911502480507,0.9656898379325867,0.9891269207000732,0.7582451701164246,0.29514971375465393,0.9183491468429565,1.2234121561050415,0.0015570392133668065,0.8294051885604858,0.8930171132087708,0.8600367903709412,0.8360847234725952,0.728482186794281,0.18466699123382568,0.8568609356880188,0.9698312282562256
265,0.8350139260292053,0.13974812626838684,0.05134579911828041,7.959619688335806e-05,0.12988674640655518,0.0010256821988150477,0.9605127573013306,0.9704539775848389,0.9378452301025391,0.9541975855827332,0.9795541167259216,0.021092325448989868,0.9655464291572571,0.9890855550765991,0.7582669258117676,0.2940623164176941,0.886622965335846,1.188825011253357,0.0015929780201986432,0.8319196105003357,0.8932259678840637,0.8604127764701843,0.8411538600921631,0.7328858375549316,0.18218782544136047,0.8588230013847351,0.9699949622154236
266,0.8358721733093262,0.13909387588500977,0.050290532410144806,7.85409938544035e-05,0.1283775418996811,0.0010324696777388453,0.9607212543487549,0.9703116416931152,0.9383886456489563,0.9544258713722229,0.9797585010528564,0.020899411290884018,0.9657248258590698,0.9891379475593567,0.7571000456809998,0.29627901315689087,0.844214141368866,1.1568918228149414,0.001655847067013383,0.8299615383148193,0.8920419812202454,0.8597120046615601,0.8352635502815247,0.732828676700592,0.19168227910995483,0.8570915460586548,0.9693779945373535
267,0.8366591930389404,0.1377226561307907,0.04530913010239601,7.749042561044917e-05,0.12243524938821793,0.0010113802272826433,0.9610024690628052,0.9707399606704712,0.938609778881073,0.9548502564430237,0.979810357093811,0.020540576428174973,0.9659768342971802,0.9892356395721436,0.7570610046386719,0.2971946597099304,0.8997358679771423,1.2042604684829712,0.0015723430551588535,0.8351163268089294,0.8912619948387146,0.8587938547134399,0.8516324162483215,0.7387771606445312,0.18328838050365448,0.8613880276679993,0.9703361988067627
268,0.8370085954666138,0.13754841685295105,0.0473790317773819,7.644457946298644e-05,0.12479066848754883,0.0010068233823403716,0.9609619379043579,0.9707781076431274,0.9385715126991272,0.954870343208313,0.9796280264854431,0.020863251760601997,0.9659426808357239,0.9892281889915466,0.7570403814315796,0.2971453070640564,0.9138909578323364,1.2195968627929688,0.0015636901371181011,0.8251809477806091,0.8913346529006958,0.8585512042045593,0.8423551321029663,0.7084828615188599,0.1845017820596695,0.8534708023071289,0.9696827530860901
269,0.8364531993865967,0.13832871615886688,0.04840012639760971,7.540351361967623e-05,0.12616895139217377,0.0010027219541370869,0.9608966112136841,0.9706787467002869,0.9381688237190247,0.954746663570404,0.9799922108650208,0.020918477326631546,0.9658753275871277,0.9891694784164429,0.7577248811721802,0.29602059721946716,0.9257740378379822,1.229866623878479,0.001507673179730773,0.8246437311172485,0.891669750213623,0.8580673933029175,0.8421255350112915,0.7067123055458069,0.18342231214046478,0.8531222343444824,0.9698063731193542
270,0.8368223905563354,0.13834331929683685,0.04834816977381706,7.436729356413707e-05,0.1261923611164093,0.0010144696570932865,0.9605768918991089,0.969841480255127,0.9386529922485352,0.9544237852096558,0.9793893694877625,0.020993826910853386,0.9656165242195129,0.9891394972801208,0.7573802471160889,0.2964170575141907,0.912160336971283,1.2210090160369873,0.0015645684907212853,0.8270919919013977,0.8924480676651001,0.8582289218902588,0.8403470516204834,0.717343807220459,0.18793433904647827,0.8548812866210938,0.9695079326629639
271,0.8369946479797363,0.1378176212310791,0.047194305807352066,7.333598477998748e-05,0.12462560087442398,0.0010172532638534904,0.9607458710670471,0.970108687877655,0.9389739036560059,0.9543052315711975,0.9795958399772644,0.020770035684108734,0.9657556414604187,0.9891621470451355,0.7565878629684448,0.29675164818763733,0.8964172601699829,1.2067608833312988,0.0016372953541576862,0.8266943693161011,0.8901079297065735,0.8583288192749023,0.8362799882888794,0.7220607995986938,0.18918749690055847,0.854487419128418,0.9691762328147888
272,0.837510347366333,0.13707371056079865,0.04871652275323868,7.230966730276123e-05,0.12609225511550903,0.001007209299132228,0.9609311819076538,0.9706351161003113,0.9390945434570312,0.9551095366477966,0.9788853526115417,0.021063199266791344,0.9659169912338257,0.9892347455024719,0.7565942406654358,0.297402024269104,0.9057915210723877,1.2255911827087402,0.0017101333942264318,0.8316868543624878,0.8919214606285095,0.8563448190689087,0.8314714431762695,0.7470095157623291,0.19827307760715485,0.8582816123962402,0.9688685536384583
273,0.8385461568832397,0.13623012602329254,0.047175269573926926,7.12883920641616e-05,0.12383125722408295,0.001014570938423276,0.9612501263618469,0.9711192846298218,0.9388787150382996,0.9553223848342896,0.9796797037124634,0.02065175399184227,0.9661909937858582,0.9893017411231995,0.7563703656196594,0.2977597415447235,0.88166743516922,1.199359655380249,0.0016359299188479781,0.8341359496116638,0.8930788040161133,0.8568220138549805,0.8318238854408264,0.7548190355300903,0.19613416492938995,0.8602616190910339,0.9690727591514587
274,0.8376056551933289,0.13773833215236664,0.05048604682087898,7.027222454780713e-05,0.12833423912525177,0.0010225892765447497,0.9607371091842651,0.9702922105789185,0.9384300708770752,0.954440176486969,0.9797855615615845,0.021207481622695923,0.9657431840896606,0.9891459345817566,0.7556214332580566,0.30068761110305786,0.8848950862884521,1.1995866298675537,0.0016322627197951078,0.8286798000335693,0.8930061459541321,0.8563522696495056,0.8292783498764038,0.7360823750495911,0.1919679045677185,0.8559949994087219,0.9689403176307678
275,0.8384982943534851,0.13645972311496735,0.044885776937007904,6.926124478923157e-05,0.12146279215812683,0.000997658004052937,0.961338996887207,0.9711726903915405,0.9391677379608154,0.9551084041595459,0.9799071550369263,0.020491646602749825,0.966263473033905,0.9893055558204651,0.756941556930542,0.2973634898662567,0.9256278872489929,1.2393983602523804,0.0016602004179731011,0.8295115828514099,0.8940984010696411,0.859725832939148,0.8289164304733276,0.7353056073188782,0.19233566522598267,0.8565992116928101,0.9689475297927856
276,0.8382651805877686,0.1366405338048935,0.047329071909189224,6.825550372013822e-05,0.12623684108257294,0.0010307587217539549,0.9594042301177979,0.9673168063163757,0.9390798211097717,0.9552138447761536,0.9760063886642456,0.022691771388053894,0.9647138714790344,0.9891603589057922,0.7561526298522949,0.29932230710983276,0.8610878586769104,1.1697520017623901,0.0015897846315056086,0.8261124491691589,0.8929636478424072,0.8606666326522827,0.8320094347000122,0.7188103199005127,0.18655095994472504,0.8539853096008301,0.9690824151039124
277,0.8388695120811462,0.13655716180801392,0.04789005219936371,6.725507410010323e-05,0.1250016838312149,0.0010033055441454053,0.9613702297210693,0.9703267216682434,0.939405620098114,0.9551209807395935,0.9806275963783264,0.020966676995158195,0.9662851095199585,0.9892939925193787,0.7564815878868103,0.29887834191322327,0.9051423072814941,1.209194302558899,0.0015350760659202933,0.825412392616272,0.893742024898529,0.8599315285682678,0.8382336497306824,0.7097423672676086,0.182197704911232,0.8535957336425781,0.9695510268211365
278,0.8389336466789246,0.13616256415843964,0.045115698128938675,6.626002141274512e-05,0.1217803955078125,0.0009933359688147902,0.9615141153335571,0.9710903763771057,0.9390402436256409,0.9549533128738403,0.9809727072715759,0.020696282386779785,0.9664028286933899,0.989301323890686,0.7567169666290283,0.29868200421333313,0.937359631061554,1.2444885969161987,0.001694546197541058,0.8339930772781372,0.8937859535217285,0.861566960811615,0.8342928886413574,0.7463264465332031,0.18511520326137543,0.8603217005729675,0.9696162939071655
279,0.8394525647163391,0.13586175441741943,0.048325251787900925,6.52704038657248e-05,0.12457985430955887,0.0009719092049635947,0.9614806175231934,0.9700691103935242,0.9395527243614197,0.9552991390228271,0.9810018539428711,0.020560843870043755,0.9663891792297363,0.9893485903739929,0.7569108605384827,0.29761677980422974,0.858735203742981,1.1732797622680664,0.001723859691992402,0.8375105857849121,0.8937748670578003,0.8609695434570312,0.8273757696151733,0.7679221630096436,0.19291183352470398,0.8630567789077759,0.9694262742996216
280,0.8395078182220459,0.1358059197664261,0.04606892913579941,6.428629421861842e-05,0.12270399928092957,0.0009754174388945103,0.9615882635116577,0.9707444906234741,0.9393309354782104,0.9552189111709595,0.9810587763786316,0.020855022594332695,0.9664850234985352,0.9893771409988403,0.7565305829048157,0.29884201288223267,0.8666554093360901,1.186303973197937,0.0017249428201466799,0.8307685852050781,0.8926318287849426,0.8597091436386108,0.8249508738517761,0.7457823753356934,0.19752511382102966,0.8575577735900879,0.9687933921813965
281,0.8397099375724792,0.1353405863046646,0.04581401124596596,6.330774340312928e-05,0.12177024036645889,0.0009685666882432997,0.9617621898651123,0.9710371494293213,0.9395044445991516,0.9553671479225159,0.9811400175094604,0.020361285656690598,0.9666115641593933,0.989352285861969,0.7575448751449585,0.298894464969635,0.9375811219215393,1.2560667991638184,0.001631141290999949,0.8242817521095276,0.8941189646720886,0.8570348620414734,0.8233093619346619,0.722663938999176,0.19648154079914093,0.8524519801139832,0.9685607552528381
282,0.8404327034950256,0.1345747709274292,0.044123575091362,6.233482417883351e-05,0.11944656074047089,0.0009694154723547399,0.961923360824585,0.9710396528244019,0.9395515322685242,0.9559290409088135,0.9811729788780212,0.020029138773679733,0.9667741656303406,0.9894700646400452,0.7577502131462097,0.2984366714954376,0.9158904552459717,1.2241390943527222,0.0015807469608262181,0.8242512941360474,0.893963634967804,0.8591601252555847,0.8293040990829468,0.7145771980285645,0.18650232255458832,0.8525947332382202,0.9691053032875061
283,0.8404912948608398,0.13468824326992035,0.04546614736318588,6.136759475339204e-05,0.12089134752750397,0.00095748360035941,0.961933970451355,0.9717625975608826,0.9399361610412598,0.955635130405426,0.9804020524024963,0.020101966336369514,0.9667733907699585,0.9894419312477112,0.7579404711723328,0.2983229458332062,0.8530652523040771,1.1604158878326416,0.0015832557110115886,0.8273370862007141,0.895249605178833,0.8607728481292725,0.8308804631233215,0.722445547580719,0.18564559519290924,0.8549842834472656,0.969214141368866
284,0.8398774266242981,0.13565734028816223,0.04447665438055992,6.0406120610423386e-05,0.12063916027545929,0.0009833266958594322,0.9618951082229614,0.9707794785499573,0.9391889572143555,0.9558548927307129,0.9817572236061096,0.020411759614944458,0.9667353630065918,0.9894169569015503,0.7583378553390503,0.29652121663093567,0.8631362915039062,1.1663713455200195,0.001502884435467422,0.827509343624115,0.8964382410049438,0.861339271068573,0.8337236642837524,0.7185361385345459,0.18237145245075226,0.8551761507987976,0.9694459438323975
285,0.8400922417640686,0.1350761204957962,0.04482394829392433,5.945046359556727e-05,0.12081671506166458,0.0009716673521324992,0.9617490768432617,0.9709378480911255,0.9392127990722656,0.9553979635238647,0.9814480543136597,0.020491713657975197,0.9666183590888977,0.9894000887870789,0.7583467960357666,0.29765960574150085,0.884154736995697,1.190935492515564,0.0015400259289890528,0.8285476565361023,0.8960743546485901,0.8591456413269043,0.8363298177719116,0.7226407527923584,0.1854071021080017,0.855996310710907,0.9694823622703552
286,0.8410329222679138,0.1345476508140564,0.04395514726638794,5.8500685554463416e-05,0.11949000507593155,0.0009615201270207763,0.9618900418281555,0.970884382724762,0.9393212795257568,0.956091582775116,0.9812631011009216,0.020263852551579475,0.9667451977729797,0.9894633889198303,0.7581682801246643,0.29827308654785156,0.8896976709365845,1.201485514640808,0.001659862231463194,0.8344658613204956,0.8952627182006836,0.8594488501548767,0.8338152766227722,0.7493364810943604,0.18998859822750092,0.8606091737747192,0.9694424271583557
287,0.8408239483833313,0.13421574234962463,0.047489140182733536,5.7556844694772735e-05,0.12369030714035034,0.0009743656846694648,0.9617438316345215,0.9716983437538147,0.9398878216743469,0.9555920958518982,0.9797970056533813,0.021053923293948174,0.966631293296814,0.9894425272941589,0.757448673248291,0.3006531000137329,0.9101715683937073,1.235449194908142,0.0017708460800349712,0.8358612060546875,0.8952749967575073,0.8587456345558167,0.8285213112831116,0.7609027028083801,0.2023603767156601,0.8615352511405945,0.9689741730690002
288,0.841942310333252,0.13373807072639465,0.04226202890276909,5.661900286213495e-05,0.117122121155262,0.0009754991624504328,0.962444007396698,0.9714859127998352,0.9400825500488281,0.9563812017440796,0.9818263649940491,0.019901182502508163,0.9672189950942993,0.9895821213722229,0.7575080990791321,0.30023160576820374,0.926845908164978,1.246441125869751,0.0016535877948626876,0.8358305096626282,0.8934922814369202,0.8584756255149841,0.8319820165634155,0.7593721151351929,0.1970214545726776,0.861578643321991,0.9691371917724609
289,0.8413012623786926,0.13426516950130463,0.04300559312105179,5.5687225540168583e-05,0.11820957064628601,0.0009731772006489336,0.9622611999511719,0.9717403650283813,0.9398289322853088,0.9559495449066162,0.9815258979797363,0.02002532407641411,0.9670527577400208,0.9895106554031372,0.7569066286087036,0.30001118779182434,0.9577304720878601,1.2711503505706787,0.0015958106378093362,0.8336120843887329,0.8926031589508057,0.8586942553520203,0.8377631306648254,0.745387852191925,0.1910218447446823,0.8599371910095215,0.9694353938102722
290,0.8415297865867615,0.13373877108097076,0.0433107353746891,5.476156366057694e-05,0.11809617280960083,0.0009728085133247077,0.9622139930725098,0.9715100526809692,0.9398815035820007,0.9562119841575623,0.9812523722648621,0.019812727347016335,0.9670186042785645,0.9895238876342773,0.7563084959983826,0.3007684051990509,0.972823441028595,1.2895716428756714,0.001684120506979525,0.8345918655395508,0.8935889601707458,0.8573600053787231,0.8334060311317444,0.7540124654769897,0.19391438364982605,0.8606521487236023,0.9692189693450928
291,0.8417064547538757,0.13363943994045258,0.04344184324145317,5.384208634495735e-05,0.11837157607078552,0.0009655272006057203,0.962260365486145,0.9717942476272583,0.9400963187217712,0.9561220407485962,0.9810289740562439,0.020037546753883362,0.9670597910881042,0.9895362854003906,0.7570531964302063,0.2999492883682251,0.9065230488777161,1.2092461585998535,0.0015922464663162827,0.8374412059783936,0.8930943012237549,0.8595028519630432,0.850795328617096,0.746372401714325,0.18035471439361572,0.8631827235221863,0.9703591465950012
292,0.8416079878807068,0.13381150364875793,0.04351022094488144,5.2928848162991926e-05,0.11896184831857681,0.0009515658020973206,0.9611397981643677,0.9715891480445862,0.9395675659179688,0.9553576707839966,0.9780452251434326,0.02048509567975998,0.966152548789978,0.989403247833252,0.7554658651351929,0.3019672632217407,0.9634581804275513,1.2724357843399048,0.0016147919232025743,0.8366481065750122,0.8925809860229492,0.856755793094635,0.847993791103363,0.749261736869812,0.18576832115650177,0.8625032305717468,0.9700900316238403
293,0.8421913981437683,0.13326886296272278,0.04251987859606743,5.2021907322341576e-05,0.11722271144390106,0.0009378305403515697,0.9626023769378662,0.9723525643348694,0.9403780698776245,0.9563392400741577,0.9813394546508789,0.019970957189798355,0.9673405885696411,0.9895773530006409,0.7560490369796753,0.3015722930431366,0.9591745734214783,1.280085802078247,0.0017192206578329206,0.8389105200767517,0.8920384049415588,0.8573553562164307,0.8369483351707458,0.7692999839782715,0.19770433008670807,0.8641330599784851,0.9695433378219604
294,0.8427348732948303,0.13275942206382751,0.041002046316862106,5.112132566864602e-05,0.11539501696825027,0.0009518556180410087,0.9626535177230835,0.97250896692276,0.9402357935905457,0.9567504525184631,0.9811190962791443,0.019850511103868484,0.9673983454704285,0.9896360039710999,0.7571407556533813,0.2987425625324249,0.9760814309120178,1.286927342414856,0.001494862837716937,0.8346351385116577,0.8926987648010254,0.8566714525222778,0.8436431288719177,0.7455270886421204,0.18910695612430573,0.8609472513198853,0.9699951410293579
295,0.8431241512298584,0.13241608440876007,0.04267820715904236,5.022716140956618e-05,0.11673550307750702,0.0009269663132727146,0.9625890254974365,0.972436785697937,0.9402948021888733,0.9565351009368896,0.9810897707939148,0.01969243958592415,0.9673416018486023,0.9896137714385986,0.7565686106681824,0.30041006207466125,0.9861109852790833,1.3031492233276367,0.0015177287859842181,0.8356505632400513,0.893966794013977,0.853705108165741,0.8352614641189575,0.7596690058708191,0.19459721446037292,0.8617299199104309,0.9697206020355225
296,0.8437953591346741,0.1321881115436554,0.04040650278329849,4.933946911478415e-05,0.11449532955884933,0.0009258171776309609,0.9626211524009705,0.9719741344451904,0.9408214688301086,0.9566892385482788,0.9809997081756592,0.019876180216670036,0.9673728942871094,0.9896364212036133,0.756838858127594,0.2994619905948639,0.9557894468307495,1.2622911930084229,0.001457905862480402,0.8414962291717529,0.8948134183883667,0.8574507236480713,0.8433346748352051,0.7703859210014343,0.1845298558473587,0.8664861917495728,0.9704634547233582
297,0.8431477546691895,0.13193316757678986,0.0393516905605793,4.8458303353982046e-05,0.11346757411956787,0.000934581970795989,0.9627701044082642,0.9725335240364075,0.9402350187301636,0.9563369154930115,0.9819748401641846,0.019930724054574966,0.9674979448318481,0.9896410703659058,0.756600558757782,0.2991979718208313,0.9494224190711975,1.2467352151870728,0.0014370083808898926,0.8384099006652832,0.8949083089828491,0.8574706315994263,0.8572377562522888,0.7440229058265686,0.1754778027534485,0.8642070889472961,0.971080482006073
298,0.8434091210365295,0.13211508095264435,0.04225214570760727,4.758372961077839e-05,0.11616167426109314,0.0009399045375175774,0.9627518653869629,0.9721708297729492,0.9410286545753479,0.9563115239143372,0.9814966320991516,0.019698776304721832,0.9674850702285767,0.9896549582481384,0.7565311789512634,0.2998999059200287,0.9642393589019775,1.2642593383789062,0.0015041242586448789,0.8339685201644897,0.8936272263526917,0.8575078248977661,0.8513714075088501,0.7333676815032959,0.1778038889169693,0.8606345057487488,0.970658540725708
299,0.8440845608711243,0.13166694343090057,0.04142870008945465,4.6715798816876486e-05,0.11561264097690582,0.0009386934107169509,0.9628694653511047,0.9721300601959229,0.9407658576965332,0.9568437337875366,0.981738269329071,0.020094845443964005,0.9675999879837036,0.9897213578224182,0.7567960619926453,0.3002018332481384,0.9283977746963501,1.230564832687378,0.0015146923251450062,0.8343852758407593,0.8955463171005249,0.8573302030563354,0.8493743538856506,0.7352901101112366,0.17981423437595367,0.8608635663986206,0.9704532623291016
300,0.8441759347915649,0.13154739141464233,0.03899817168712616,4.5854569179937243e-05,0.11251984536647797,0.000934853742364794,0.9628102779388428,0.972446084022522,0.9410936832427979,0.9565474390983582,0.9811539649963379,0.019496992230415344,0.9675324559211731,0.9896690845489502,0.7566682696342468,0.30233636498451233,0.9234326481819153,1.2267752885818481,0.0014996306272223592,0.8304364681243896,0.8950541019439697,0.8573894500732422,0.8506267070770264,0.7186755537986755,0.1801590770483017,0.8577578663825989,0.9703941345214844
301,0.8441912531852722,0.13139797747135162,0.04038991406559944,4.500009163166396e-05,0.11451378464698792,0.0009485631599090993,0.9616416692733765,0.972529411315918,0.940997838973999,0.9565636515617371,0.9764757752418518,0.02014297805726528,0.9665704965591431,0.9895464181900024,0.7560901045799255,0.30271732807159424,0.9338206052780151,1.2431516647338867,0.0016036650631576777,0.8398444056510925,0.8950766324996948,0.8580331206321716,0.844395101070404,0.7618729472160339,0.18583868443965912,0.8650913238525391,0.9702978730201721
302,0.8445762395858765,0.13117003440856934,0.03889702260494232,4.4152428017696366e-05,0.11237732321023941,0.0009180930792354047,0.9629166126251221,0.9724724888801575,0.9409595131874084,0.9566981792449951,0.9815366268157959,0.019634682685136795,0.9676347970962524,0.9897202253341675,0.7571002840995789,0.3019185960292816,0.9155026078224182,1.228996753692627,0.0015628418186679482,0.8394116163253784,0.8957949280738831,0.8581714630126953,0.8400346636772156,0.763645350933075,0.19038207828998566,0.8646261096000671,0.9699410200119019
303,0.8447467088699341,0.1310291886329651,0.04123096168041229,4.331162926973775e-05,0.11475484818220139,0.0009249213617295027,0.9632865786552429,0.9730047583580017,0.9410871863365173,0.9568074941635132,0.9822471141815186,0.019727282226085663,0.9679464101791382,0.989788830280304,0.7570165991783142,0.30116915702819824,0.9429705739021301,1.2596849203109741,0.0016200742684304714,0.8342270255088806,0.8942539691925049,0.8584526777267456,0.8349809050559998,0.7492205500602722,0.19381621479988098,0.8604090809822083,0.9693957567214966
304,0.8449170589447021,0.1306799054145813,0.038699060678482056,4.247774995747022e-05,0.11180377751588821,0.0009111128165386617,0.9633074998855591,0.9727401733398438,0.941116452217102,0.9570524096488953,0.9823207855224609,0.019464774057269096,0.9679663777351379,0.9898010492324829,0.7574660778045654,0.3007262051105499,0.9834117889404297,1.3052626848220825,0.0016606966964900494,0.8372174501419067,0.8941135406494141,0.8584684133529663,0.8348284363746643,0.761459469795227,0.19906975328922272,0.8627569079399109,0.9694327712059021
305,0.845200777053833,0.13025513291358948,0.03916149213910103,4.165084465057589e-05,0.11197029054164886,0.0009291154565289617,0.9631728529930115,0.9727608561515808,0.9414674043655396,0.9569281935691833,0.9815351963043213,0.019314095377922058,0.9678522944450378,0.9897778630256653,0.7559725046157837,0.30411893129348755,0.9662488102912903,1.2932236194610596,0.001717087929137051,0.8353759050369263,0.8944229483604431,0.8567343354225159,0.8318376541137695,0.7585086226463318,0.20275108516216278,0.861202597618103,0.9690768122673035
306,0.8452767729759216,0.13055475056171417,0.038060903549194336,4.083096428075805e-05,0.11132921278476715,0.0009070097585208714,0.9631305932998657,0.9725944399833679,0.9412611722946167,0.9569483995437622,0.9817178249359131,0.019670331850647926,0.9678152203559875,0.9897657632827759,0.7553683519363403,0.3041597008705139,0.9767836332321167,1.2994292974472046,0.0016240556724369526,0.8360571265220642,0.8937060236930847,0.8553328514099121,0.837956964969635,0.7572326064109802,0.1985456496477127,0.8618274927139282,0.9693753123283386
307,0.8455450534820557,0.13033001124858856,0.037073224782943726,4.001816705567762e-05,0.10992993414402008,0.0008975054370239377,0.9634910821914673,0.9729014039039612,0.9414703845977783,0.9571415185928345,0.9824512600898743,0.01936926878988743,0.968124508857727,0.9898456335067749,0.7555899024009705,0.303925484418869,0.939749002456665,1.26206374168396,0.0016333499224856496,0.8362540006637573,0.8934639692306519,0.8552229404449463,0.8377106189727783,0.7586183547973633,0.19829463958740234,0.8619781732559204,0.9693570733070374
308,0.8453845977783203,0.13038043677806854,0.0376504622399807,3.921250026905909e-05,0.111188143491745,0.0009226324618794024,0.9629634618759155,0.9721843600273132,0.9410924315452576,0.9566821455955505,0.9818947911262512,0.019984634593129158,0.967673659324646,0.9897328019142151,0.7562145590782166,0.3034243881702423,0.9318291544914246,1.2519745826721191,0.0016408255323767662,0.8362275958061218,0.8934330344200134,0.8583689332008362,0.8360779285430908,0.7570304870605469,0.19631436467170715,0.8619791865348816,0.9694264531135559
309,0.8455789685249329,0.13031405210494995,0.04075784608721733,3.841401849058457e-05,0.11400258541107178,0.0009082846809178591,0.963275671005249,0.9725216031074524,0.9410778284072876,0.9569486379623413,0.9825546145439148,0.019765526056289673,0.9679390788078308,0.9897924661636353,0.756158709526062,0.3040026128292084,0.9481695890426636,1.2820461988449097,0.0018194629810750484,0.8378294706344604,0.8930590152740479,0.8567701578140259,0.8262779116630554,0.7752108573913574,0.2095465064048767,0.8631525039672852,0.9689708948135376
310,0.8458008766174316,0.12985488772392273,0.040650442242622375,3.762277265195735e-05,0.11356839537620544,0.0009074747795239091,0.963519811630249,0.973046600818634,0.9416460394859314,0.9571850895881653,0.9822017550468445,0.01961204968392849,0.9681541323661804,0.9898666143417358,0.7559953927993774,0.3044772446155548,0.967492401599884,1.3004651069641113,0.0017695374554023147,0.8373802900314331,0.8936389684677124,0.8563852310180664,0.826007068157196,0.7734900712966919,0.2085266262292862,0.8628276586532593,0.9690261483192444
311,0.8459172248840332,0.12975367903709412,0.03948879987001419,3.6838813684880733e-05,0.11253479868173599,0.0008870255551300943,0.9633876085281372,0.9729403257369995,0.941752552986145,0.9571210741996765,0.9817364811897278,0.01979578658938408,0.968051552772522,0.9898599982261658,0.7550878524780273,0.30571210384368896,0.9619648456573486,1.2966283559799194,0.0017997766844928265,0.8335239887237549,0.8924956917762756,0.8573642373085022,0.8275895714759827,0.7566465139389038,0.20967967808246613,0.8596507906913757,0.9687060713768005
312,0.8452832698822021,0.13052250444889069,0.04063394293189049,3.606219252105802e-05,0.11387409269809723,0.000909815076738596,0.9634302854537964,0.9731866717338562,0.9419873356819153,0.9571129083633423,0.981434166431427,0.01966772973537445,0.9680693745613098,0.9898287653923035,0.7555417418479919,0.30427971482276917,0.9693700075149536,1.300017237663269,0.0017618476413190365,0.8343356847763062,0.8931582570075989,0.8566566109657288,0.8308272957801819,0.7567004561424255,0.20629307627677917,0.8603395223617554,0.968906044960022
313,0.8462982177734375,0.12954862415790558,0.034890998154878616,3.529295645421371e-05,0.10720697045326233,0.0009092457476072013,0.9634153842926025,0.9729108214378357,0.9418700933456421,0.9569005370140076,0.9819801449775696,0.01912231557071209,0.968052864074707,0.9898081421852112,0.7556197047233582,0.30429819226264954,0.9691787362098694,1.3067618608474731,0.0018926531774923205,0.8356063365936279,0.8933084011077881,0.8560067415237427,0.8286249041557312,0.7644853591918945,0.21302469074726105,0.8612667322158813,0.968712568283081
314,0.8459320068359375,0.1297817826271057,0.0436725914478302,3.4531163692008704e-05,0.1165098175406456,0.0009024476166814566,0.9634783267974854,0.9734974503517151,0.9410696625709534,0.9571691751480103,0.9821770787239075,0.0195804201066494,0.9681164622306824,0.9898423552513123,0.7562555074691772,0.30397647619247437,0.9012631773948669,1.2352721691131592,0.001816354226320982,0.8340140581130981,0.8950175642967224,0.8584057092666626,0.8254880905151367,0.7571450471878052,0.2096939980983734,0.8600219488143921,0.9687227606773376
315,0.8468374013900757,0.12901771068572998,0.03756501525640488,3.377685425220989e-05,0.10976237803697586,0.0009018356213346124,0.9637201428413391,0.9733045101165771,0.9417040348052979,0.9575020670890808,0.9823697805404663,0.01924954168498516,0.9683274030685425,0.9899216890335083,0.7562509775161743,0.30407625436782837,0.948723554611206,1.2798631191253662,0.0017298519378528,0.8330273032188416,0.8945601582527161,0.8572971820831299,0.826704740524292,0.7535471320152283,0.2069144994020462,0.8593084216117859,0.9688243269920349
316,0.8469310402870178,0.12908175587654114,0.04001936316490173,3.303007906652056e-05,0.11280693858861923,0.0008859512745402753,0.9635396599769592,0.9734470248222351,0.9412739872932434,0.9575365781784058,0.9819011092185974,0.019820448011159897,0.9681755900382996,0.9898874163627625,0.7552527785301208,0.30511927604675293,0.9866074919700623,1.320345163345337,0.001721077598631382,0.8340290188789368,0.8933225274085999,0.8547503352165222,0.8279006481170654,0.76014244556427,0.20910775661468506,0.8601040840148926,0.9687976241111755
317,0.8467339873313904,0.12947124242782593,0.038329437375068665,3.229088906664401e-05,0.11104027181863785,0.0008827763376757503,0.9634747505187988,0.9736848473548889,0.9414955973625183,0.9574315547943115,0.9812870621681213,0.019582334905862808,0.9681212306022644,0.9898766279220581,0.7550323605537415,0.3065270185470581,0.9961651563644409,1.3320051431655884,0.0016985399415716529,0.8330789804458618,0.894170343875885,0.8541989922523499,0.8270193934440613,0.7569273710250854,0.21068218350410461,0.8593430519104004,0.968743085861206
318,0.8467673063278198,0.1289493590593338,0.036735616624355316,3.155932790832594e-05,0.10886093974113464,0.0008804184617474675,0.9635946154594421,0.9728975892066956,0.9416413307189941,0.9574266076087952,0.9824126958847046,0.019208719953894615,0.9682208895683289,0.9898906350135803,0.7553754448890686,0.3063706159591675,1.043812870979309,1.3802216053009033,0.0016283305594697595,0.8303057551383972,0.8942483067512512,0.8516865968704224,0.8267479538917542,0.7485402226448059,0.21141836047172546,0.8571548461914062,0.9686130285263062
319,0.8470067977905273,0.12880489230155945,0.03844882547855377,3.083544652326964e-05,0.11051115393638611,0.0008788362029008567,0.9639570713043213,0.9735845327377319,0.9417431950569153,0.9574021100997925,0.9830987453460693,0.01922784373164177,0.9685196876525879,0.9899302124977112,0.755742609500885,0.30588391423225403,1.0433869361877441,1.3759576082229614,0.0015702088130638003,0.8341923356056213,0.8934201598167419,0.8503477573394775,0.8324153423309326,0.7605860829353333,0.2078624665737152,0.860334575176239,0.9690213203430176
320,0.8469957709312439,0.12870249152183533,0.03623215854167938,3.0119290386210196e-05,0.10825348645448685,0.0008917576633393764,0.9637747406959534,0.9735575914382935,0.9419875741004944,0.9574319124221802,0.9821221828460693,0.0192117840051651,0.9683724641799927,0.9899184703826904,0.7552623152732849,0.30694839358329773,1.0461044311523438,1.384201169013977,0.0016220317920669913,0.8307991027832031,0.8923091888427734,0.8502060770988464,0.8263902068138123,0.754290759563446,0.21288400888442993,0.8575750589370728,0.9685913920402527
321,0.8475422859191895,0.12832216918468475,0.03736262768507004,2.9410906790872104e-05,0.10931392759084702,0.0009033125243149698,0.9640381336212158,0.9740712642669678,0.9422943592071533,0.957493782043457,0.9822927117347717,0.019255125895142555,0.9685964584350586,0.9899717569351196,0.7555059194564819,0.3060150146484375,1.0295177698135376,1.35602867603302,0.0015743926633149385,0.8319798707962036,0.8938354253768921,0.8530714511871338,0.8319059610366821,0.7491066455841064,0.20174294710159302,0.8585878610610962,0.9690337181091309
322,0.8476865291595459,0.12865380942821503,0.03665003180503845,2.871033939300105e-05,0.1085435226559639,0.0008787706028670073,0.963901698589325,0.9734282493591309,0.9421119093894958,0.9576732516288757,0.9823933243751526,0.01911587081849575,0.9684755206108093,0.9899379014968872,0.7548905611038208,0.30645549297332764,1.010292887687683,1.3309166431427002,0.001533676404505968,0.8327183723449707,0.8942870497703552,0.8528639674186707,0.8372502326965332,0.746472179889679,0.19574174284934998,0.85923832654953,0.9693387150764465
323,0.8475642204284668,0.12857502698898315,0.03630165383219719,2.801763366733212e-05,0.10825349390506744,0.0008778537739999592,0.9636999368667603,0.9733864068984985,0.941840410232544,0.957606852054596,0.9819661974906921,0.019207008183002472,0.9683171510696411,0.989931583404541,0.7551071643829346,0.3072107434272766,1.0262751579284668,1.351394534111023,0.0015468294732272625,0.8240017890930176,0.8943707942962646,0.8507142663002014,0.8297407031059265,0.721181333065033,0.19991463422775269,0.8522871136665344,0.9687225818634033
324,0.8475313782691956,0.12860217690467834,0.037879303097724915,2.7332836907589808e-05,0.10985690355300903,0.000875320693012327,0.9638820886611938,0.9734839797019958,0.942144513130188,0.9574354290962219,0.9824647903442383,0.01922420598566532,0.9684635996818542,0.9899405837059021,0.7549517750740051,0.30729764699935913,1.0460940599441528,1.3717310428619385,0.0015575304860249162,0.8263981342315674,0.8939070105552673,0.852505624294281,0.8303000330924988,0.7288797497749329,0.20038169622421265,0.8541752696037292,0.9688323736190796
325,0.8480538725852966,0.12750646471977234,0.035074856132268906,2.665598913154099e-05,0.1068296805024147,0.0008642030879855156,0.9639403820037842,0.9735973477363586,0.9423812031745911,0.9574285745620728,0.9823544025421143,0.019447900354862213,0.9685277938842773,0.9899854063987732,0.7550379037857056,0.30781346559524536,1.0348527431488037,1.3644297122955322,0.0016221597325056791,0.8328139781951904,0.8931127190589905,0.8533410429954529,0.8333425521850586,0.7514596581459045,0.2040184885263443,0.8591948747634888,0.9689773917198181
326,0.8477693200111389,0.12819768488407135,0.03747985512018204,2.5987137632910162e-05,0.10917306691408157,0.0008809230057522655,0.9639407396316528,0.9729209542274475,0.9419164061546326,0.9577368497848511,0.9831889867782593,0.019079070538282394,0.9685198068618774,0.9899755120277405,0.7552511692047119,0.3061011731624603,1.0086400508880615,1.3381590843200684,0.001691632904112339,0.8309897780418396,0.8936536312103271,0.8536490797996521,0.8296340107917786,0.7470224499702454,0.20454131066799164,0.8577168583869934,0.9687737822532654
327,0.8485118746757507,0.12772774696350098,0.03551040217280388,2.5326324248453602e-05,0.10677562654018402,0.0008810695726424456,0.9640887379646301,0.9732421636581421,0.9420414566993713,0.9581604599952698,0.9829108715057373,0.018836988136172295,0.9686493873596191,0.9900208115577698,0.7554242610931396,0.30627238750457764,1.0624998807907104,1.3905173540115356,0.0016355077968910336,0.8296255469322205,0.8945835828781128,0.8542004227638245,0.8282986283302307,0.7414194941520691,0.20305469632148743,0.8566791415214539,0.9688177704811096
328,0.8484600186347961,0.1272704005241394,0.03664793819189072,2.4673592633916996e-05,0.10769496113061905,0.0008818369824439287,0.9640771150588989,0.9736658334732056,0.9421141147613525,0.9577951431274414,0.9827333688735962,0.018803277984261513,0.9686368107795715,0.9900028109550476,0.7554143667221069,0.30600905418395996,1.0552244186401367,1.3842847347259521,0.001620158669538796,0.8289275169372559,0.894931435585022,0.8540249466896057,0.8294181227684021,0.7373353838920593,0.20422658324241638,0.8561328053474426,0.9688491225242615
329,0.848453938961029,0.12744909524917603,0.03614051640033722,2.4028982807067223e-05,0.10740798711776733,0.0008644324843771756,0.9642333388328552,0.9729252457618713,0.9420722723007202,0.9580591917037964,0.9838765859603882,0.01902482844889164,0.968772292137146,0.990044891834259,0.7557007074356079,0.3069038987159729,1.0429794788360596,1.36752188205719,0.001548236352391541,0.8296628594398499,0.8946159482002258,0.8551936745643616,0.8324002027511597,0.736441433429718,0.19945862889289856,0.8567917943000793,0.9691203236579895
330,0.8486000895500183,0.12731581926345825,0.03557438775897026,2.3392538423649967e-05,0.10686066001653671,0.0008657123544253409,0.9639792442321777,0.9730538725852966,0.9420531988143921,0.9580490589141846,0.9827608466148376,0.01904412731528282,0.968565821647644,0.9900221228599548,0.7549676299095154,0.3075462579727173,1.0377413034439087,1.3553940057754517,0.0015017673140391707,0.8301903009414673,0.8940293788909912,0.8543370962142944,0.8390306234359741,0.7333639860153198,0.1923808753490448,0.8572958111763,0.9694429039955139
331,0.8486806750297546,0.12746748328208923,0.03530564904212952,2.2764299501432106e-05,0.10694043338298798,0.0008732566493563354,0.9639157056808472,0.9733705520629883,0.9419638514518738,0.9579954743385315,0.9823326468467712,0.019335582852363586,0.9685097932815552,0.9900074005126953,0.7550286650657654,0.3068166673183441,1.0314809083938599,1.3537930250167847,0.0015612905845046043,0.8301650285720825,0.8931110501289368,0.8551146984100342,0.8338156342506409,0.7386186122894287,0.19724367558956146,0.8571323156356812,0.969011664390564
332,0.8491767048835754,0.12682226300239563,0.03630836308002472,2.214430605818052e-05,0.10711947828531265,0.0008583554299548268,0.9642106890678406,0.9731221795082092,0.9425833225250244,0.9580838680267334,0.9830530881881714,0.018805071711540222,0.9687649011611938,0.9900778532028198,0.7547892332077026,0.3069874048233032,1.0109559297561646,1.3341032266616821,0.0015408286126330495,0.8254973888397217,0.8921072483062744,0.8547888398170471,0.8317030668258667,0.7233903408050537,0.1980409473180771,0.8534106016159058,0.9687259197235107
333,0.8489277362823486,0.1274164468050003,0.035078711807727814,2.1532599930651486e-05,0.10649951547384262,0.0008734247530810535,0.9640545845031738,0.9729740023612976,0.9424176812171936,0.9577847123146057,0.9830417037010193,0.01918022893369198,0.9686244130134583,0.9900215864181519,0.7554596662521362,0.3057926595211029,1.0118303298950195,1.3307658433914185,0.001471297349780798,0.8238146901130676,0.8924519419670105,0.8544021844863892,0.8357160091400146,0.7126886248588562,0.19441121816635132,0.8521666526794434,0.9689493775367737
334,0.8491783738136292,0.12672798335552216,0.03338981419801712,2.0929219317622483e-05,0.10436637699604034,0.0008540668641217053,0.9644110202789307,0.9732162356376648,0.9427438974380493,0.9581227898597717,0.9835614562034607,0.018999062478542328,0.9689323306083679,0.9901105165481567,0.7559337019920349,0.3058008551597595,1.0177439451217651,1.3352292776107788,0.0014767004176974297,0.8289146423339844,0.8926040530204773,0.854558527469635,0.8415441513061523,0.726951539516449,0.19295059144496918,0.8562604188919067,0.9693882465362549
335,0.8486381769180298,0.12722113728523254,0.03586527332663536,2.0334202417870983e-05,0.10703998804092407,0.000872573524247855,0.9642238616943359,0.9729041457176208,0.9425562024116516,0.9578532576560974,0.98358154296875,0.01896287500858307,0.9687640070915222,0.9900434613227844,0.7552444338798523,0.3062075078487396,0.9967881441116333,1.318780541419983,0.0015087035717442632,0.8264506459236145,0.8922973275184631,0.854191243648529,0.8358415365219116,0.723472535610199,0.19724610447883606,0.8541922569274902,0.9689189195632935
336,0.8486656546592712,0.12740346789360046,0.036660853773355484,1.9747589249163866e-05,0.10811930894851685,0.0008683401392772794,0.9640893936157227,0.9732198715209961,0.942594051361084,0.9578573107719421,0.9826864004135132,0.01919620670378208,0.9686495065689087,0.9900168180465698,0.7556931972503662,0.3062269985675812,1.0226513147354126,1.347137212753296,0.0015068069333210588,0.8219014406204224,0.8927655816078186,0.853909969329834,0.8304094076156616,0.7105208039283752,0.1997353881597519,0.8505533933639526,0.9685553908348083
337,0.8492677807807922,0.12675906717777252,0.03281552717089653,1.9169418010278605e-05,0.10400070250034332,0.00086237583309412,0.9643579721450806,0.9738731384277344,0.9427334666252136,0.9579511284828186,0.9828742146492004,0.019190356135368347,0.9688805341720581,0.9900810718536377,0.7562102675437927,0.30586275458335876,1.0326387882232666,1.3556746244430542,0.0014901387039572,0.8258562088012695,0.8933565616607666,0.8544473648071289,0.8332561254501343,0.7223649024963379,0.1984553337097168,0.8537575006484985,0.9689293503761292
338,0.8493298292160034,0.12673872709274292,0.03517565131187439,1.8599723262013867e-05,0.10603491216897964,0.000880305131431669,0.9643622636795044,0.9734681844711304,0.9427065253257751,0.9577260613441467,0.9835482239723206,0.018838396295905113,0.9688807725906372,0.9900659918785095,0.7559769749641418,0.30510151386260986,0.9869399070739746,1.308445692062378,0.0014467353466898203,0.8251138925552368,0.8934617042541504,0.8536996245384216,0.8323940634727478,0.7208999991416931,0.19729450345039368,0.8531502485275269,0.9688311219215393
339,0.8495230674743652,0.1270570456981659,0.035780660808086395,1.8038545022136532e-05,0.10711070895195007,0.0008837037603370845,0.9642709493637085,0.9723939299583435,0.9427750706672668,0.9577611088752747,0.9841536283493042,0.019169369712471962,0.968802809715271,0.9900429844856262,0.7558951377868652,0.30522605776786804,0.9958872199058533,1.3169344663619995,0.0014750021509826183,0.8252698183059692,0.8927295804023743,0.8530918955802917,0.8329927921295166,0.7222649455070496,0.1967444121837616,0.8532878756523132,0.9688445925712585
340,0.8488849997520447,0.12731219828128815,0.03618932142853737,1.7485917851445265e-05,0.10797255486249924,0.0008853285689838231,0.9632887840270996,0.9728116393089294,0.9427413940429688,0.9573942422866821,0.9802078604698181,0.01951630599796772,0.9679752588272095,0.989879846572876,0.7558292746543884,0.30495718121528625,0.9897083640098572,1.3103947639465332,0.0014573922380805016,0.8273759484291077,0.8921846747398376,0.8535101413726807,0.8351299166679382,0.7286790609359741,0.1965169757604599,0.8549750447273254,0.9690001010894775
341,0.8494647741317749,0.12663492560386658,0.037975214421749115,1.6941876310738735e-05,0.1090097725391388,0.0008738115429878235,0.9641575217247009,0.9728944301605225,0.942812442779541,0.9576061964035034,0.983316957950592,0.019074656069278717,0.968708336353302,0.9900305867195129,0.7560217976570129,0.3054233491420746,0.9860557317733765,1.3077161312103271,0.001443859888240695,0.824662446975708,0.8916735053062439,0.8537031412124634,0.8322206735610962,0.7210525870323181,0.1973247528076172,0.8528146743774414,0.9688074588775635
342,0.8498900532722473,0.1264842450618744,0.03494831919670105,1.6406458598794416e-05,0.10571494698524475,0.0008653381373733282,0.9644272923469543,0.9734530448913574,0.9428138136863708,0.9580919742584229,0.9833502173423767,0.018868032842874527,0.9689452052116394,0.9901086091995239,0.7565869688987732,0.3051624596118927,1.0053426027297974,1.3243322372436523,0.0014556432142853737,0.8298282623291016,0.8928179740905762,0.8546697497367859,0.8385551571846008,0.7332702279090881,0.19473984837532043,0.8570040464401245,0.9693863391876221
343,0.8500317335128784,0.12612104415893555,0.03219754248857498,1.587969745742157e-05,0.10271507501602173,0.0008600794826634228,0.9648330211639404,0.9739093780517578,0.9427380561828613,0.9583969712257385,0.9842879772186279,0.018767530098557472,0.9692795872688293,0.9901653528213501,0.756321132183075,0.30581405758857727,1.0189223289489746,1.3365737199783325,0.0014664485352113843,0.8332180976867676,0.8929893374443054,0.8551472425460815,0.8424849510192871,0.7422508001327515,0.19312603771686554,0.8597596883773804,0.9697536826133728
344,0.8499442934989929,0.12625308334827423,0.03592187911272049,1.5361625628429465e-05,0.10677690804004669,0.0008542122086510062,0.9643157720565796,0.9734606742858887,0.9428486227989197,0.9580745697021484,0.9828791618347168,0.019065119326114655,0.968845009803772,0.9900760054588318,0.7568018436431885,0.304778128862381,0.9975392818450928,1.3158106803894043,0.0014488751767203212,0.8307364583015442,0.8927956223487854,0.8544000387191772,0.8408729434013367,0.7348774075508118,0.1941872239112854,0.8577927350997925,0.9696083068847656
345,0.8503534197807312,0.1261633336544037,0.032859452068805695,1.4852279491606168e-05,0.10367851704359055,0.0008579626446589828,0.9645121693611145,0.9740132093429565,0.9426196217536926,0.9578900933265686,0.983525812625885,0.019068671390414238,0.9690070152282715,0.9900851845741272,0.7563522458076477,0.306057870388031,1.0112051963806152,1.3323709964752197,0.0015295228222385049,0.8316226601600647,0.8920376896858215,0.8547362685203552,0.8395726680755615,0.7401440143585205,0.19644881784915924,0.858424186706543,0.9694536924362183
346,0.8500949740409851,0.1260586827993393,0.03323966637253761,1.4351689969771542e-05,0.10377397388219833,0.0008615176775492728,0.9646536111831665,0.9740647673606873,0.9427675008773804,0.9584745168685913,0.9833078384399414,0.0188165083527565,0.9691294431686401,0.9901387095451355,0.7561062574386597,0.30632108449935913,1.0356889963150024,1.3579983711242676,0.0015306263230741024,0.8318460583686829,0.8919834494590759,0.8548859357833862,0.8404132127761841,0.7401015758514404,0.19748526811599731,0.8585941195487976,0.9694693684577942
347,0.8502092957496643,0.12608455121517181,0.03498825803399086,1.3859889804734848e-05,0.10556619614362717,0.0008575308602303267,0.9646593332290649,0.9741302132606506,0.9427636861801147,0.9584571123123169,0.9832862019538879,0.018856722861528397,0.9691392779350281,0.9901472330093384,0.7558494210243225,0.30692654848098755,1.0435099601745605,1.37016761302948,0.0015226808609440923,0.8313844203948975,0.8918116688728333,0.8540200591087341,0.8368224501609802,0.7428834438323975,0.201603502035141,0.8581544756889343,0.9691874980926514
348,0.8499330878257751,0.12596949934959412,0.03238910064101219,1.3376910828810651e-05,0.1030534878373146,0.0008510559564456344,0.964415431022644,0.9741989374160767,0.9430764317512512,0.9577710628509521,0.9826152920722961,0.018993817269802094,0.9689419865608215,0.9901130795478821,0.7559569478034973,0.3068315088748932,1.0485128164291382,1.3764334917068481,0.0015156264416873455,0.8267520666122437,0.8920785188674927,0.8541262149810791,0.8316439390182495,0.7291597127914429,0.2029143124818802,0.8544458150863647,0.9688428044319153
349,0.8501032590866089,0.12637433409690857,0.03505262732505798,1.2902783055324107e-05,0.10628005117177963,0.0008666239446029067,0.9637879729270935,0.9746088981628418,0.9431368112564087,0.9581577181816101,0.9792484045028687,0.019368276000022888,0.9684114456176758,0.9900272488594055,0.7559834122657776,0.306270033121109,1.0447652339935303,1.367713212966919,0.0014724571956321597,0.8306025862693787,0.8922634720802307,0.8537495136260986,0.8377645611763,0.73863285779953,0.19823141396045685,0.8575725555419922,0.969275176525116
350,0.8504621982574463,0.12560531497001648,0.03281700983643532,1.2437539226084482e-05,0.10298559069633484,0.0008442641119472682,0.9648419618606567,0.9744530320167542,0.9432207345962524,0.9580844044685364,0.9836099743843079,0.018660658970475197,0.9692867994308472,0.9901559948921204,0.7550669312477112,0.30737367272377014,1.0453791618347168,1.3692781925201416,0.0015183083014562726,0.8320057392120361,0.891985297203064,0.8535378575325012,0.8386945128440857,0.7438052892684937,0.1986711323261261,0.8586634397506714,0.9692909121513367
351,0.850449800491333,0.12588296830654144,0.034006267786026,1.1981208444922231e-05,0.10423766821622849,0.0008583497256040573,0.9647666215896606,0.974203884601593,0.9431672692298889,0.958214521408081,0.9834808111190796,0.01859801635146141,0.9692181348800659,0.9901363849639893,0.7553201913833618,0.30750229954719543,1.0405148267745972,1.368839979171753,0.0015462422743439674,0.8317229747772217,0.8923786878585815,0.8539417386054993,0.83238685131073,0.7481848001480103,0.20300531387329102,0.8583694696426392,0.9689948558807373
352,0.8506653308868408,0.12568652629852295,0.03196059912443161,1.153381890617311e-05,0.10231059789657593,0.0008519823313690722,0.964787483215332,0.9744847416877747,0.9433615803718567,0.9583679437637329,0.9829356670379639,0.01878526620566845,0.9692466855049133,0.9901754260063171,0.7553310990333557,0.3076466917991638,1.0298470258712769,1.360291838645935,0.0015947006177157164,0.8317148685455322,0.8916656970977783,0.8541463613510132,0.8313847184181213,0.7496626973152161,0.2049945592880249,0.8583383560180664,0.9689059257507324
353,0.8514015674591064,0.12477625161409378,0.03484894335269928,1.1095401532656979e-05,0.10491027683019638,0.0008485873113386333,0.9651852250099182,0.97479647397995,0.9436922073364258,0.958560049533844,0.983691930770874,0.018861180171370506,0.9695836901664734,0.9902503490447998,0.7555178999900818,0.30742132663726807,1.0213651657104492,1.3487656116485596,0.0015386476879939437,0.8280928134918213,0.8913854956626892,0.854446291923523,0.8314749598503113,0.7350643873214722,0.20212414860725403,0.855477511882782,0.9688137769699097
354,0.8508511781692505,0.12504884600639343,0.03253550082445145,1.066598360921489e-05,0.10242718458175659,0.0008481986005790532,0.9650043249130249,0.974742591381073,0.9435826539993286,0.9583401083946228,0.98335200548172,0.018671195954084396,0.9694326519966125,0.9902166128158569,0.7556926012039185,0.30748817324638367,1.0322976112365723,1.361116647720337,0.0015223545487970114,0.8236265182495117,0.8914747834205627,0.854578971862793,0.8277652263641357,0.7206870317459106,0.20353983342647552,0.8519188165664673,0.9685352444648743
355,0.8502308130264282,0.1259649395942688,0.03312643989920616,1.02455933301826e-05,0.1035461276769638,0.0008409933070652187,0.9645071029663086,0.974189281463623,0.9430623054504395,0.9581731557846069,0.9826037883758545,0.01877744495868683,0.9690070152282715,0.9901131391525269,0.7555431127548218,0.30733931064605713,1.0392512083053589,1.3682090044021606,0.0015204743249341846,0.8233602643013,0.891217052936554,0.8554036617279053,0.8278253674507141,0.7189950346946716,0.20374149084091187,0.8517159223556519,0.9685564637184143
356,0.8510254621505737,0.12532350420951843,0.032123275101184845,9.834256161411759e-06,0.10243377834558487,0.0008482988923788071,0.9648382067680359,0.9742574691772461,0.9434574842453003,0.957991361618042,0.9836468696594238,0.018911443650722504,0.9692872762680054,0.9901682138442993,0.7561846375465393,0.3065340518951416,1.0380189418792725,1.3640484809875488,0.001514109200797975,0.8262895345687866,0.8914933204650879,0.8557608723640442,0.8323653936386108,0.7255383133888245,0.20114466547966003,0.8541008830070496,0.9689087867736816
